日付,球場,球団,対戦相手,ホーム/ビジター,打者名,打順,守備位置,投手名,投手利き腕,イニング,表裏,イニング内打席番号,打席内球数,自チーム打席前得点,相手チーム打席前得点,打席前点差,打席前アウト数,打席前走者状況コード,打席前一塁走者,打席前二塁走者,打席前三塁走者,打席前状況コード,打席結果,最終投球結果,この打席得点数,打点,自チーム打席後得点,相手チーム打席後得点,打席後点差,打席後アウト数,打席後走者状況コード,打席後一塁走者,打席後二塁走者,打席後三塁走者,打席後状況コード,得点圏フラグ,打者走者進塁先,打者走者アウト,一塁走者進塁先,一塁走者アウト,二塁走者進塁先,二塁走者アウト,三塁走者進塁先,三塁走者アウト,打席前RE,打席後RE,RE24,打席前WE,打席後WE,WPA,WE推定方法_前,WE推定方法_後,WEサンプル数_前,WEサンプル数_後
2025/3/28,東京ドーム,巨人,ヤクルト,home,岡本　和真,4,3,奥川　恭伸,右,1,裏,4,3,0,0,0,1,101,1,0,1,1_101,三飛,凡打,0,0,0,0,0,2,101,1,0,1,2_101,1,0,1,0,0,0,0,0,0,1.016,0.431,-0.585,0.714286,0.521739,-0.192547,exact,exact,14,23
2025/3/28,東京ドーム,ヤクルト,巨人,away,サンタナ,4,7,戸郷　翔征,右,2,表,1,7,0,0,0,0,0,0,0,0,0_000,空三振,空振り,0,0,0,0,0,1,0,0,0,0,1_000,0,0,1,0,0,0,0,0,0,0.365,0.189,-0.176,0.46325,0.43254,-0.03071,exact,exact,517,378
2025/3/28,東京ドーム,巨人,ヤクルト,home,岡本　和真,4,3,奥川　恭伸,右,3,裏,2,6,0,0,0,1,0,0,0,0,1_000,空三振,空振り,0,0,0,0,0,2,0,0,0,0,2_000,0,0,1,0,0,0,0,0,0,0.189,0.074,-0.115,0.526906,0.505525,-0.021381,exact,exact,223,181
2025/3/28,東京ドーム,ヤクルト,巨人,away,サンタナ,4,7,戸郷　翔征,右,5,表,1,1,0,0,0,0,0,0,0,0,0_000,左安,単打,0,0,0,0,0,0,100,0,0,1,0_100,0,1,0,0,0,0,0,0,0,0.365,0.675,0.31,0.479167,0.632353,0.153186,exact,exact,192,34
2025/3/28,東京ドーム,ヤクルト,巨人,away,サンタナ,4,7,堀田　賢慎,右,6,表,1,5,4,0,4,0,0,0,0,0,0_000,左本,本塁打,1,1,5,0,5,0,0,0,0,0,0_000,0,4,0,0,0,0,0,0,0,0.365,0.365,1,0.871795,0.875,0.003205,exact,exact,39,16
2025/3/28,東京ドーム,巨人,ヤクルト,home,岡本　和真,4,3,奥川　恭伸,右,6,裏,1,4,0,5,-5,0,0,0,0,0,0_000,二ゴロ,凡打,0,0,0,5,-5,1,0,0,0,0,1_000,0,0,1,0,0,0,0,0,0,0.365,0.189,-0.176,0.096774,0.095238,-0.001536,exact,exact,31,21
2025/3/28,東京ドーム,ヤクルト,巨人,away,サンタナ,4,7,泉　圭輔,右,8,表,1,6,5,0,5,0,0,0,0,0,0_000,空三振,空振り,0,0,5,0,5,1,0,0,0,0,1_000,0,0,1,0,0,0,0,0,0,0.365,0.189,-0.176,0.971429,0.965517,-0.005911,exact,exact,35,29
2025/3/28,東京ドーム,巨人,ヤクルト,home,岡本　和真,4,3,木澤　尚文,右,8,裏,4,6,2,5,-3,0,100,0,0,1,0_100,一飛,凡打,0,0,2,5,-3,1,100,0,0,1,1_100,0,0,1,0,0,0,0,0,0,0.675,0.398,-0.278,0.230769,0.142857,-0.087912,exact,exact,13,14
2025/3/28,東京ドーム,巨人,ヤクルト,home,岡本　和真,4,3,田口　麗斗,左,9,裏,7,2,5,5,0,1,110,0,1,1,1_110,左安,単打,0,0,5,5,0,1,111,1,1,1,1_111,1,1,0,2,0,3,0,0,1,0.715,1.328,0.613,0.666667,0.857143,0.190476,exact,exact,9,7
2025/3/28,横浜,中日,DeNA,away,石川　昂弥,4,5,東　克樹,左,1,表,4,3,0,0,0,2,100,0,0,1,2_100,左飛,凡打,0,0,0,0,0,3,100,0,0,1,3_000,0,0,1,0,0,0,0,0,0,0.184,0,-0.184,0.455696,0.41018,-0.045517,exact,next_half_exact,158,668
2025/3/28,横浜,DeNA,中日,home,オースティン,4,3,髙橋　宏斗,右,1,裏,4,2,0,0,0,2,100,0,0,1,2_100,右２,二塁打,1,1,1,0,1,3,0,0,0,0,3_000,0,0,1,4,0,0,0,0,0,0.184,0,0.816,0.580882,0.707547,0.126665,exact,next_half_exact,136,106
2025/3/28,横浜,中日,DeNA,away,石川　昂弥,4,5,東　克樹,左,4,表,2,6,0,2,-2,1,0,0,0,0,1_000,空三振,空振り,0,0,0,2,-2,2,0,0,0,0,2_000,0,0,1,0,0,0,0,0,0,0.189,0.074,-0.115,0.149254,0.122222,-0.027032,exact,exact,67,45
2025/3/28,横浜,DeNA,中日,home,オースティン,4,3,髙橋　宏斗,右,4,裏,1,6,2,0,2,0,0,0,0,0,0_000,空三振,空振り,0,0,2,0,2,1,0,0,0,0,1_000,0,0,1,0,0,0,0,0,0,0.365,0.189,-0.176,0.822785,0.813559,-0.009225,exact,exact,79,59
2025/3/28,横浜,DeNA,中日,home,オースティン,4,3,髙橋　宏斗,右,6,裏,2,8,3,0,3,0,1,1,0,0,0_001,四球,ボール,0,0,3,0,3,0,101,1,0,1,0_101,1,1,0,0,0,0,0,0,0,1.323,1.496,0.174,0.934426,0.934426,0,inning_half_diff,inning_half_diff,244,244
2025/3/28,横浜,中日,DeNA,away,石川　昂弥,4,5,東　克樹,左,7,表,1,3,0,5,-5,0,0,0,0,0,0_000,見三振,見逃し,0,0,0,5,-5,1,0,0,0,0,1_000,0,0,1,0,0,0,0,0,0,0.365,0.189,-0.176,0.029412,0.037037,0.007625,exact,exact,34,27
2025/3/28,横浜,DeNA,中日,home,オースティン,4,3,橋本　侑樹,左,8,裏,1,3,5,0,5,0,0,0,0,0,0_000,右飛,凡打,0,0,5,0,5,1,0,0,0,0,1_000,0,0,1,0,0,0,0,0,0,0.365,0.189,-0.176,1,1,0,exact,exact,46,27
2025/3/28,横浜,中日,DeNA,away,石川　昂弥,4,5,入江　大生,右,9,表,3,7,0,5,-5,1,100,0,0,1,1_100,空三振,空振り,0,0,0,5,-5,2,100,0,0,1,2_100,0,0,1,0,0,0,0,0,0,0.398,0.184,-0.214,0,0,0,exact,exact,14,18
2025/3/28,マツダスタジアム,阪神,広島,away,森下　翔太,4,9,森下　暢仁,右,1,表,4,9,2,0,2,1,0,0,0,0,1_000,遊ゴロ,凡打,0,0,2,0,2,2,0,0,0,0,2_000,0,0,1,0,0,0,0,0,0,0.189,0.074,-0.115,0.769231,0.722222,-0.047009,exact,exact,13,18
2025/3/28,マツダスタジアム,広島,阪神,home,モンテロ,4,3,村上　頌樹,右,2,裏,1,3,0,2,-2,0,0,0,0,0,0_000,空三振,空振り,0,0,0,2,-2,1,0,0,0,0,1_000,0,0,1,0,0,0,0,0,0,0.365,0.189,-0.176,0.279412,0.283019,0.003607,exact,exact,68,53
2025/3/28,マツダスタジアム,阪神,広島,away,森下　翔太,4,9,森下　暢仁,右,4,表,1,7,2,0,2,0,0,0,0,0,0_000,中安,単打,0,0,2,0,2,0,100,0,0,1,0_100,0,1,0,0,0,0,0,0,0,0.365,0.675,0.31,0.755814,0.710526,-0.045288,exact,exact,86,19
2025/3/28,マツダスタジアム,広島,阪神,home,モンテロ,4,3,村上　頌樹,右,4,裏,3,3,0,2,-2,1,100,0,0,1,1_100,一ゴロ,凡打,0,0,0,2,-2,2,10,0,1,0,2_010,0,2,0,0,1,0,0,0,0,0.398,0.276,-0.122,0.482759,0.1,-0.382759,exact,exact,29,10
2025/3/28,マツダスタジアム,阪神,広島,away,森下　翔太,4,9,森下　暢仁,右,6,表,2,1,2,0,2,1,0,0,0,0,1_000,中飛,凡打,0,0,2,0,2,2,0,0,0,0,2_000,0,0,1,0,0,0,0,0,0,0.189,0.074,-0.115,0.742188,0.744681,0.002493,exact,exact,64,47
2025/3/28,マツダスタジアム,広島,阪神,home,モンテロ,4,3,村上　頌樹,右,7,裏,2,2,0,2,-2,1,0,0,0,0,1_000,三ゴロ,凡打,0,0,0,2,-2,2,0,0,0,0,2_000,0,0,1,0,0,0,0,0,0,0.189,0.074,-0.115,0.181818,0.152174,-0.029644,exact,exact,55,46
2025/3/28,マツダスタジアム,阪神,広島,away,森下　翔太,4,9,塹江　敦哉,左,8,表,4,6,2,0,2,2,10,0,1,0,2_010,四球,ボール,0,0,2,0,2,2,110,0,1,1,2_110,1,1,0,0,0,0,0,0,0,0.276,0.368,0.093,0.966667,0.961538,-0.005128,exact,exact,15,13
2025/3/28,マツダスタジアム,広島,阪神,home,モンテロ,4,3,村上　頌樹,右,9,裏,4,7,0,4,-4,1,101,1,0,1,1_101,二飛,凡打,0,0,0,4,-4,2,101,1,0,1,2_101,1,0,1,0,0,0,0,0,0,1.016,0.431,-0.585,0,0,0,inning_half_diff,inning_half_diff,148,148
2025/3/28,ベルーナドーム,日本ハム,西武,away,野村　佑希,4,3,今井　達也,右,2,表,1,4,0,0,0,0,0,0,0,0,0_000,遊ゴロ,凡打,0,0,0,0,0,1,0,0,0,0,1_000,0,0,1,0,0,0,0,0,0,0.365,0.189,-0.176,0.46325,0.43254,-0.03071,exact,exact,517,378
2025/3/28,ベルーナドーム,西武,日本ハム,home,セデーニョ,4,10,金村　尚真,右,2,裏,1,3,0,0,0,0,0,0,0,0,0_000,左飛,凡打,0,0,0,0,0,1,0,0,0,0,1_000,0,0,1,0,0,0,0,0,0,0.365,0.189,-0.176,0.553215,0.505068,-0.048148,exact,exact,451,296
2025/3/28,ベルーナドーム,日本ハム,西武,away,野村　佑希,4,3,今井　達也,右,4,表,3,2,0,0,0,2,0,0,0,0,2_000,遊ゴロ,凡打,0,0,0,0,0,3,0,0,0,0,3_000,0,0,1,0,0,0,0,0,0,0.074,0,-0.074,0.466667,0.422566,-0.0441,exact,next_half_exact,150,226
2025/3/28,ベルーナドーム,西武,日本ハム,home,セデーニョ,4,10,金村　尚真,右,4,裏,4,8,0,0,0,2,10,0,1,0,2_010,空三振,空振り,0,0,0,0,0,3,10,0,1,0,3_000,1,0,1,0,0,0,0,0,0,0.276,0,-0.276,0.541667,0.520833,-0.020833,exact,next_half_exact,24,192
2025/3/28,ベルーナドーム,日本ハム,西武,away,野村　佑希,4,3,今井　達也,右,7,表,3,3,1,0,1,0,100,0,0,1,0_100,三飛,凡打,0,0,1,0,1,1,100,0,0,1,1_100,0,0,1,0,0,0,0,0,0,0.675,0.398,-0.278,0.789474,0.775,-0.014474,exact,exact,19,20
2025/3/28,ベルーナドーム,西武,日本ハム,home,セデーニョ,4,10,金村　尚真,右,7,裏,1,3,0,1,-1,0,0,0,0,0,0_000,左飛,凡打,0,0,0,1,-1,1,0,0,0,0,1_000,0,0,1,0,0,0,0,0,0,0.365,0.189,-0.176,0.233333,0.183824,-0.04951,exact,exact,90,68
2025/3/28,ベルーナドーム,日本ハム,西武,away,野村　佑希,4,3,今井　達也,右,9,表,4,2,2,0,2,2,0,0,0,0,2_000,二ゴロ,凡打,0,0,2,0,2,3,0,0,0,0,3_000,0,0,1,0,0,0,0,0,0,0.074,0,-0.074,0.893617,0.846154,-0.047463,exact,next_half_exact,47,91
2025/3/28,ベルーナドーム,西武,日本ハム,home,セデーニョ,4,10,金村　尚真,右,9,裏,3,4,0,2,-2,1,100,0,0,1,1_100,三併打,凡打,0,0,0,2,-2,3,0,0,0,0,3_000,0,0,1,0,1,0,0,0,0,0.398,0,-0.398,0.263158,0,-0.263158,exact,game_final,19,1
2025/3/28,京セラD大阪,楽天,オリックス,away,辰己　涼介,4,8,宮城　大弥,左,2,表,1,4,0,0,0,0,0,0,0,0,0_000,三直,凡打,0,0,0,0,0,1,0,0,0,0,1_000,0,0,1,0,0,0,0,0,0,0.365,0.189,-0.176,0.46325,0.43254,-0.03071,exact,exact,517,378
2025/3/28,京セラD大阪,オリックス,楽天,home,杉本　裕太郎,4,9,早川　隆久,左,2,裏,1,3,0,0,0,0,0,0,0,0,0_000,空三振,空振り,0,0,0,0,0,1,0,0,0,0,1_000,0,0,1,0,0,0,0,0,0,0.365,0.189,-0.176,0.553215,0.505068,-0.048148,exact,exact,451,296
2025/3/28,京セラD大阪,オリックス,楽天,home,杉本　裕太郎,4,9,早川　隆久,左,4,裏,1,1,2,0,2,0,0,0,0,0,0_000,左飛,凡打,0,0,2,0,2,1,0,0,0,0,1_000,0,0,1,0,0,0,0,0,0,0.365,0.189,-0.176,0.822785,0.813559,-0.009225,exact,exact,79,59
2025/3/28,京セラD大阪,楽天,オリックス,away,辰己　涼介,4,8,宮城　大弥,左,5,表,1,3,0,2,-2,0,0,0,0,0,0_000,三邪飛,邪飛,0,0,0,2,-2,1,0,0,0,0,1_000,0,0,1,0,0,0,0,0,0,0.365,0.189,-0.176,0.170455,0.132812,-0.037642,exact,exact,88,64
2025/3/28,京セラD大阪,オリックス,楽天,home,杉本　裕太郎,4,9,早川　隆久,左,6,裏,3,5,2,0,2,2,0,0,0,0,2_000,一邪飛,邪飛,0,0,2,0,2,3,0,0,0,0,3_000,0,0,1,0,0,0,0,0,0,0.074,0,-0.074,0.93617,0.926316,-0.009854,exact,next_half_exact,47,95
2025/3/28,京セラD大阪,楽天,オリックス,away,辰己　涼介,4,8,宮城　大弥,左,8,表,1,3,0,2,-2,0,0,0,0,0,0_000,一安,単打,0,0,0,2,-2,0,100,0,0,1,0_100,0,1,0,0,0,0,0,0,0,0.365,0.675,0.31,0.092391,0.133333,0.040942,exact,exact,92,30
2025/3/28,京セラD大阪,オリックス,楽天,home,杉本　裕太郎,4,9,江原　雅裕,右,8,裏,4,1,2,1,1,2,100,0,0,1,2_100,右安,単打,0,0,2,1,1,2,110,0,1,1,2_110,0,1,0,2,0,0,0,0,0,0.184,0.368,0.184,0.944444,0.958333,0.013889,exact,exact,36,24
2025/3/28,京セラD大阪,楽天,オリックス,away,辰己　涼介,4,8,マチャド,右,9,表,5,6,2,2,0,1,110,0,1,1,1_110,空三振,空振り,0,0,2,2,0,2,110,0,1,1,2_110,1,0,1,0,0,0,0,0,0,0.715,0.368,-0.346,0.714286,0.55,-0.164286,exact,exact,7,10
2025/3/28,みずほPayPay,ソフトバンク,ロッテ,home,山川　穂高,4,3,小島　和哉,左,1,裏,4,2,0,0,0,2,1,1,0,0,2_001,右飛,凡打,0,0,0,0,0,3,1,1,0,0,3_000,1,0,1,0,0,0,0,0,0,0.287,0,-0.287,0.513889,0.53675,0.022862,exact,next_half_exact,36,517
2025/3/28,みずほPayPay,ロッテ,ソフトバンク,away,ポランコ,4,10,有原　航平,右,2,表,1,4,0,0,0,0,0,0,0,0,0_000,右飛,凡打,0,0,0,0,0,1,0,0,0,0,1_000,0,0,1,0,0,0,0,0,0,0.365,0.189,-0.176,0.46325,0.43254,-0.03071,exact,exact,517,378
2025/3/28,みずほPayPay,ソフトバンク,ロッテ,home,山川　穂高,4,3,小島　和哉,左,3,裏,5,1,0,0,0,2,101,1,0,1,2_101,中２,二塁打,1,1,1,0,1,2,11,1,1,0,2_011,1,2,0,3,0,0,0,4,0,0.431,0.448,1.017,0.392857,0.625,0.232143,exact,exact,14,8
2025/3/28,みずほPayPay,ロッテ,ソフトバンク,away,ポランコ,4,10,有原　航平,右,5,表,1,4,0,1,-1,0,0,0,0,0,0_000,空三振,空振り,0,0,0,1,-1,1,0,0,0,0,1_000,0,0,1,0,0,0,0,0,0,0.365,0.189,-0.176,0.28,0.216814,-0.063186,exact,exact,150,113
2025/3/28,みずほPayPay,ソフトバンク,ロッテ,home,山川　穂高,4,3,中森　俊介,右,5,裏,3,5,1,0,1,1,100,0,0,1,1_100,空三振,空振り,0,0,1,0,1,2,100,0,0,1,2_100,0,0,1,0,0,0,0,0,0,0.398,0.184,-0.214,0.764706,0.861111,0.096405,exact,exact,34,36
2025/3/28,みずほPayPay,ロッテ,ソフトバンク,away,ポランコ,4,10,有原　航平,右,6,表,7,1,4,1,3,1,100,0,0,1,1_100,右飛,凡打,0,0,4,1,3,2,100,0,0,1,2_100,0,0,1,0,0,0,0,0,0,0.398,0.184,-0.214,1,1,0,exact,exact,18,12
2025/3/28,みずほPayPay,ロッテ,ソフトバンク,away,ポランコ,4,10,津森　宥紀,右,8,表,2,4,7,1,6,0,10,0,1,0,0_010,中安,単打,1,1,8,1,7,0,10,0,1,0,0_010,1,2,0,0,0,4,0,0,0,0.958,0.958,1,0.947368,1,0.052632,inning_half_diff,inning_half_diff,76,51
2025/3/28,みずほPayPay,ソフトバンク,ロッテ,home,山川　穂高,4,3,小野　郁,右,8,裏,2,2,1,8,-7,1,0,0,0,0,1_000,遊失,失策出塁,0,0,1,8,-7,1,100,0,0,1,1_100,0,1,0,0,0,0,0,0,0,0.189,0.398,0.209,0,0,0,exact,exact,8,6
2025/3/28,みずほPayPay,ロッテ,ソフトバンク,away,ポランコ,4,10,津森　宥紀,右,9,表,4,4,8,2,6,2,100,0,0,1,2_100,右安,単打,0,0,8,2,6,2,101,1,0,1,2_101,0,1,0,3,0,0,0,0,0,0.184,0.431,0.247,1,1,0,exact,inning_half_diff,7,92
2025/3/29,東京ドーム,巨人,ヤクルト,home,岡本　和真,4,3,吉村　貢司郎,右,1,裏,4,7,0,0,0,2,1,1,0,0,2_001,左安,単打,1,1,1,0,1,2,100,0,0,1,2_100,1,1,0,0,0,0,0,4,0,0.287,0.184,0.896,0.513889,0.625,0.111111,exact,exact,36,32
2025/3/29,東京ドーム,ヤクルト,巨人,away,サンタナ,4,7,赤星　優志,右,2,表,1,7,0,1,-1,0,0,0,0,0,0_000,空三振,空振り,0,0,0,1,-1,1,0,0,0,0,1_000,0,0,1,0,0,0,0,0,0,0.365,0.189,-0.176,0.292453,0.314286,0.021833,exact,exact,106,70
2025/3/29,東京ドーム,巨人,ヤクルト,home,岡本　和真,4,3,金久保　優斗,右,2,裏,8,3,5,0,5,1,101,1,0,1,1_101,二飛,凡打,0,0,5,0,5,2,101,1,0,1,2_101,1,0,1,0,0,0,0,0,0,1.016,0.431,-0.585,1,1,0,inning_half_diff,inning_half_diff,28,28
2025/3/29,東京ドーム,巨人,ヤクルト,home,岡本　和真,4,3,金久保　優斗,右,3,裏,7,2,10,0,10,2,100,0,0,1,2_100,中飛,凡打,0,0,10,0,10,3,100,0,0,1,3_000,0,0,1,0,0,0,0,0,0,0.184,0,-0.184,1,1,0,score_diff_only,next_half_score_diff_only,185,207
2025/3/29,東京ドーム,ヤクルト,巨人,away,サンタナ,4,7,赤星　優志,右,5,表,1,5,0,12,-12,0,0,0,0,0,0_000,空三振,空振り,0,0,0,12,-12,1,0,0,0,0,1_000,0,0,1,0,0,0,0,0,0,0.365,0.189,-0.176,0,0,0,exact,inning_half_diff,5,17
2025/3/29,東京ドーム,巨人,ヤクルト,home,岡本　和真,4,3,阪口　皓亮,右,5,裏,4,5,12,0,12,2,10,0,1,0,2_010,死球,死球,0,0,12,0,12,2,110,0,1,1,2_110,1,1,0,0,0,0,0,0,0,0.276,0.368,0.093,1,1,0,score_diff_only,score_diff_only,185,185
2025/3/29,東京ドーム,ヤクルト,巨人,away,サンタナ,4,7,高梨　雄平,左,7,表,3,3,0,12,-12,2,0,0,0,0,2_000,一ゴロ,凡打,0,0,0,12,-12,3,0,0,0,0,3_000,0,0,1,0,0,0,0,0,0,0.074,0,-0.074,0,0,0,inning_half_diff,next_half_inning_half_diff,10,16
2025/3/29,東京ドーム,巨人,ヤクルト,home,岡本　和真,4,3,長谷川　宙輝,左,7,裏,4,6,12,0,12,2,100,0,0,1,2_100,四球,ボール,0,0,12,0,12,2,110,0,1,1,2_110,0,1,0,2,0,0,0,0,0,0.184,0.368,0.184,1,1,0,inning_half_diff,inning_half_diff,16,16
2025/3/29,横浜,中日,DeNA,away,石川　昂弥,4,5,バウアー,右,2,表,1,4,0,0,0,0,0,0,0,0,0_000,右飛,凡打,0,0,0,0,0,1,0,0,0,0,1_000,0,0,1,0,0,0,0,0,0,0.365,0.189,-0.176,0.46325,0.43254,-0.03071,exact,exact,517,378
2025/3/29,横浜,DeNA,中日,home,オースティン,4,3,松葉　貴大,左,2,裏,1,7,0,1,-1,0,0,0,0,0,0_000,見三振,見逃し,0,0,0,1,-1,1,0,0,0,0,1_000,0,0,1,0,0,0,0,0,0,0.365,0.189,-0.176,0.488095,0.412791,-0.075305,exact,exact,126,86
2025/3/29,横浜,中日,DeNA,away,石川　昂弥,4,5,バウアー,右,3,表,4,6,1,0,1,2,10,0,1,0,2_010,空三振,空振り,0,0,1,0,1,3,10,0,1,0,3_000,1,0,1,0,0,0,0,0,0,0.276,0,-0.276,0.558824,0.602362,0.043539,exact,next_half_exact,17,127
2025/3/29,横浜,DeNA,中日,home,オースティン,4,3,松葉　貴大,左,4,裏,2,5,0,1,-1,0,100,0,0,1,0_100,投直,凡打,0,0,0,1,-1,2,0,0,0,0,2_000,0,0,1,0,1,0,0,0,0,0.675,0.074,-0.602,0.4,0.315789,-0.084211,exact,exact,25,76
2025/3/29,横浜,中日,DeNA,away,石川　昂弥,4,5,バウアー,右,5,表,3,2,1,0,1,1,100,0,0,1,1_100,遊飛,凡打,0,0,1,0,1,2,100,0,0,1,2_100,0,0,1,0,0,0,0,0,0,0.398,0.184,-0.214,0.5625,0.65625,0.09375,exact,exact,24,32
2025/3/29,横浜,DeNA,中日,home,オースティン,4,3,松葉　貴大,左,7,裏,2,4,0,1,-1,1,0,0,0,0,1_000,一ゴロ,凡打,0,0,0,1,-1,2,0,0,0,0,2_000,0,0,1,0,0,0,0,0,0,0.189,0.074,-0.115,0.183824,0.145455,-0.038369,exact,exact,68,55
2025/3/29,横浜,中日,DeNA,away,石川　昂弥,4,5,颯,右,8,表,2,4,1,0,1,0,100,0,0,1,0_100,左２,二塁打,0,0,1,0,1,0,11,1,1,0,0_011,0,2,0,3,0,0,0,0,0,0.675,1.8,1.125,0.827586,0.847156,0.01957,exact,inning_half_diff,29,422
2025/3/29,マツダスタジアム,広島,阪神,home,モンテロ,4,3,富田　蓮,左,1,裏,4,6,0,0,0,2,100,0,0,1,2_100,右飛,凡打,0,0,0,0,0,3,100,0,0,1,3_000,0,0,1,0,0,0,0,0,0,0.184,0,-0.184,0.580882,0.53675,-0.044132,exact,next_half_exact,136,517
2025/3/29,マツダスタジアム,阪神,広島,away,森下　翔太,4,9,床田　寛樹,左,2,表,1,6,0,0,0,0,0,0,0,0,0_000,右飛,凡打,0,0,0,0,0,1,0,0,0,0,1_000,0,0,1,0,0,0,0,0,0,0.365,0.189,-0.176,0.46325,0.43254,-0.03071,exact,exact,517,378
2025/3/29,マツダスタジアム,阪神,広島,away,森下　翔太,4,9,床田　寛樹,左,4,表,3,4,0,0,0,2,0,0,0,0,2_000,右飛,凡打,0,0,0,0,0,3,0,0,0,0,3_000,0,0,1,0,0,0,0,0,0,0.074,0,-0.074,0.466667,0.422566,-0.0441,exact,next_half_exact,150,226
2025/3/29,マツダスタジアム,広島,阪神,home,モンテロ,4,3,富田　蓮,左,4,裏,2,6,0,0,0,0,100,0,0,1,0_100,見三振,見逃し,0,0,0,0,0,1,100,0,0,1,1_100,0,0,1,0,0,0,0,0,0,0.675,0.398,-0.278,0.62963,0.630769,0.00114,exact,exact,54,65
2025/3/29,マツダスタジアム,広島,阪神,home,モンテロ,4,3,工藤　泰成,右,5,裏,6,5,1,1,0,2,111,1,1,1,2_111,四球,ボール,1,1,2,1,1,2,111,1,1,1,2_111,1,1,0,2,0,3,0,4,0,0.562,0.562,1,0.615385,0.625,0.009615,exact,exact,13,8
2025/3/29,マツダスタジアム,阪神,広島,away,森下　翔太,4,9,床田　寛樹,左,6,表,4,2,1,2,-1,2,10,0,1,0,2_010,左本,本塁打,2,2,3,2,1,2,0,0,0,0,2_000,1,4,0,0,0,4,0,0,0,0.276,0.074,1.798,0.166667,0.669492,0.502825,exact,exact,21,59
2025/3/29,マツダスタジアム,広島,阪神,home,モンテロ,4,3,石井　大智,右,7,裏,5,5,2,3,-1,2,110,0,1,1,2_110,空三振,空振り,0,0,2,3,-1,3,110,0,1,1,3_000,1,0,1,0,0,0,0,0,0,0.368,0,-0.368,0.111111,0.14433,0.033219,exact,next_half_exact,9,97
2025/3/29,マツダスタジアム,阪神,広島,away,森下　翔太,4,9,森浦　大輔,左,8,表,2,3,3,2,1,1,0,0,0,0,1_000,右安,単打,0,0,3,2,1,1,100,0,0,1,1_100,0,1,0,0,0,0,0,0,0,0.189,0.398,0.209,0.891667,0.83871,-0.052957,exact,exact,60,31
2025/3/29,ベルーナドーム,日本ハム,西武,away,野村　佑希,4,7,渡邉　勇太朗,右,1,表,4,2,1,0,1,2,0,0,0,0,2_000,遊直,凡打,0,0,1,0,1,3,0,0,0,0,3_000,0,0,1,0,0,0,0,0,0,0.074,0,-0.074,0.467742,0.528302,0.06056,exact,next_half_exact,31,106
2025/3/29,ベルーナドーム,西武,日本ハム,home,中村　剛也,4,10,加藤　貴之,左,1,裏,4,1,0,1,-1,2,100,0,0,1,2_100,左飛,凡打,0,0,0,1,-1,3,100,0,0,1,3_000,0,0,1,0,0,0,0,0,0,0.184,0,-0.184,0.307692,0.414894,0.107201,exact,next_half_exact,26,94
2025/3/29,ベルーナドーム,日本ハム,西武,away,野村　佑希,4,7,渡邉　勇太朗,右,4,表,3,4,1,0,1,1,100,0,0,1,1_100,右２,二塁打,0,0,1,0,1,1,11,1,1,0,1_011,0,2,0,3,0,0,0,0,0,0.398,1.295,0.897,0.616667,0.5,-0.116667,exact,exact,30,6
2025/3/29,ベルーナドーム,西武,日本ハム,home,中村　剛也,4,10,加藤　貴之,左,4,裏,2,5,0,2,-2,1,0,0,0,0,1_000,右安,単打,0,0,0,2,-2,1,100,0,0,1,1_100,0,1,0,0,0,0,0,0,0,0.189,0.398,0.209,0.268657,0.482759,0.214102,exact,exact,67,29
2025/3/29,ベルーナドーム,日本ハム,西武,away,野村　佑希,4,7,渡邉　勇太朗,右,6,表,2,2,2,0,2,1,0,0,0,0,1_000,中飛,凡打,0,0,2,0,2,2,0,0,0,0,2_000,0,0,1,0,0,0,0,0,0,0.189,0.074,-0.115,0.742188,0.744681,0.002493,exact,exact,64,47
2025/3/29,ベルーナドーム,西武,日本ハム,home,中村　剛也,4,10,加藤　貴之,左,6,裏,3,1,0,2,-2,1,100,0,0,1,1_100,三失,失策出塁,0,0,0,2,-2,1,101,1,0,1,1_101,0,1,0,3,0,0,0,0,0,0.398,1.016,0.618,0.16,0.21831,0.05831,exact,inning_half_diff,25,355
2025/3/29,ベルーナドーム,日本ハム,西武,away,野村　佑希,4,3,甲斐野　央,右,8,表,4,1,2,1,1,1,110,0,1,1,1_110,右飛,凡打,0,0,2,1,1,2,110,0,1,1,2_110,1,0,1,0,0,0,0,0,0,0.715,0.368,-0.346,0.785714,0.9,0.114286,exact,exact,14,20
2025/3/29,ベルーナドーム,西武,日本ハム,home,中村　剛也,4,10,杉浦　稔大,右,8,裏,3,2,1,2,-1,1,100,0,0,1,1_100,右安,単打,0,0,1,2,-1,1,101,1,0,1,1_101,0,1,0,3,0,0,0,0,0,0.398,1.016,0.618,0.125,0.179949,0.054949,exact,inning_half_diff,24,389
2025/3/29,ベルーナドーム,日本ハム,西武,away,野村　佑希,4,3,ウィンゲンター,右,10,表,2,3,2,2,0,1,0,0,0,0,1_000,中飛,凡打,0,0,2,2,0,2,0,0,0,0,2_000,0,0,1,0,0,0,0,0,0,0.189,0.074,-0.115,0.402985,0.380435,-0.02255,exact,exact,67,46
2025/3/29,ベルーナドーム,西武,日本ハム,home,セデーニョ,4,0,田中　正義,右,10,裏,3,3,2,3,-1,2,0,0,0,0,2_000,三飛,凡打,0,0,2,3,-1,3,0,0,0,0,3_000,0,0,1,0,0,0,0,0,0,0.074,0,-0.074,0,0,0,exact,game_final,9,1
2025/3/29,京セラD大阪,楽天,オリックス,away,辰己　涼介,4,8,九里　亜蓮,右,1,表,4,9,0,0,0,2,10,0,1,0,2_010,一ゴロ,凡打,0,0,0,0,0,3,10,0,1,0,3_000,1,0,1,0,0,0,0,0,0,0.276,0,-0.276,0.414773,0.41018,-0.004593,exact,next_half_exact,88,668
2025/3/29,京セラD大阪,オリックス,楽天,home,杉本　裕太郎,4,9,古謝　樹,左,1,裏,4,3,0,0,0,2,100,0,0,1,2_100,右安,単打,0,0,0,0,0,2,110,0,1,1,2_110,0,1,0,2,0,0,0,0,0,0.184,0.368,0.184,0.580882,0.551724,-0.029158,exact,exact,136,58
2025/3/29,京セラD大阪,楽天,オリックス,away,辰己　涼介,4,8,九里　亜蓮,右,3,表,4,7,1,0,1,1,1,1,0,0,1_001,四球,ボール,0,0,1,0,1,1,101,1,0,1,1_101,1,1,0,0,0,0,0,0,0,0.806,1.016,0.209,0.594262,0.594262,0,inning_half_diff,inning_half_diff,488,488
2025/3/29,京セラD大阪,オリックス,楽天,home,杉本　裕太郎,4,9,古謝　樹,左,3,裏,4,1,0,1,-1,2,10,0,1,0,2_010,二直,凡打,0,0,0,1,-1,3,10,0,1,0,3_000,1,0,1,0,0,0,0,0,0,0.276,0,-0.276,0.354167,0.324324,-0.029842,exact,next_half_exact,24,111
2025/3/29,京セラD大阪,楽天,オリックス,away,辰己　涼介,4,8,九里　亜蓮,右,5,表,4,4,1,0,1,2,100,0,0,1,2_100,左安,単打,0,0,1,0,1,2,101,1,0,1,2_101,0,1,0,3,0,0,0,0,0,0.184,0.431,0.247,0.65625,0.7,0.04375,exact,exact,32,10
2025/3/29,京セラD大阪,オリックス,楽天,home,杉本　裕太郎,4,9,今野　龍太,右,6,裏,3,2,0,2,-2,1,100,0,0,1,1_100,右飛,凡打,0,0,0,2,-2,2,100,0,0,1,2_100,0,0,1,0,0,0,0,0,0,0.398,0.184,-0.214,0.16,0.173913,0.013913,exact,exact,25,23
2025/3/29,京セラD大阪,楽天,オリックス,away,辰己　涼介,4,8,古田島　成龍,右,8,表,1,6,2,1,1,0,0,0,0,0,0_000,空三振,空振り,0,0,2,1,1,1,0,0,0,0,1_000,0,0,1,0,0,0,0,0,0,0.365,0.189,-0.176,0.85567,0.891667,0.035997,exact,exact,97,60
2025/3/29,京セラD大阪,オリックス,楽天,home,杉本　裕太郎,4,9,鈴木　翔天,左,8,裏,3,1,1,2,-1,0,11,1,1,0,0_011,右犠飛,犠飛,1,1,2,2,0,1,1,1,0,0,1_001,1,0,1,0,0,3,0,4,0,1.8,0.806,0.006,0.179949,0.416667,0.236718,inning_half_diff,exact,389,6
2025/3/29,京セラD大阪,楽天,オリックス,away,辰己　涼介,4,8,山田　修義,左,10,表,3,6,2,2,0,1,100,0,0,1,1_100,四球,ボール,0,0,2,2,0,1,110,0,1,1,1_110,0,1,0,2,0,0,0,0,0,0.398,0.715,0.317,0.409091,0.777778,0.368687,exact,exact,22,9
2025/3/29,京セラD大阪,オリックス,楽天,home,西野　真弘,4,0,内　星龍,右,10,裏,4,6,2,5,-3,2,10,0,1,0,2_010,右３,三塁打,1,1,3,5,-2,2,1,1,0,0,2_001,1,3,0,0,0,4,0,0,0,0.276,0.287,1.012,0.108702,0,-0.108702,score_diff_only,inning_half_diff,3367,16
2025/3/29,みずほPayPay,ソフトバンク,ロッテ,home,山川　穂高,4,3,ボス,右,1,裏,4,5,0,0,0,2,100,0,0,1,2_100,右飛,凡打,0,0,0,0,0,3,100,0,0,1,3_000,0,0,1,0,0,0,0,0,0,0.184,0,-0.184,0.580882,0.53675,-0.044132,exact,next_half_exact,136,517
2025/3/29,みずほPayPay,ロッテ,ソフトバンク,away,ソト,4,10,大関　友久,左,2,表,1,5,0,0,0,0,0,0,0,0,0_000,右飛,凡打,0,0,0,0,0,1,0,0,0,0,1_000,0,0,1,0,0,0,0,0,0,0.365,0.189,-0.176,0.46325,0.43254,-0.03071,exact,exact,517,378
2025/3/29,みずほPayPay,ロッテ,ソフトバンク,away,ソト,4,10,大関　友久,左,4,表,3,3,0,1,-1,1,1,1,0,0,1_001,空三振,空振り,0,0,0,1,-1,2,1,1,0,0,2_001,1,0,1,0,0,0,0,0,0,0.806,0.287,-0.519,0.285714,0.285714,0,inning_half_diff,inning_half_diff,532,532
2025/3/29,みずほPayPay,ソフトバンク,ロッテ,home,山川　穂高,4,3,ボス,右,4,裏,1,5,1,0,1,0,0,0,0,0,0_000,空三振,空振り,0,0,1,0,1,1,0,0,0,0,1_000,0,0,1,0,0,0,0,0,0,0.365,0.189,-0.176,0.761194,0.707921,-0.053273,exact,exact,134,101
2025/3/29,みずほPayPay,ソフトバンク,ロッテ,home,山川　穂高,4,3,ボス,右,5,裏,6,6,4,3,1,2,0,0,0,0,2_000,空三振,空振り,0,0,4,3,1,3,0,0,0,0,3_000,0,0,1,0,0,0,0,0,0,0.074,0,-0.074,0.763158,0.748201,-0.014956,exact,next_half_exact,76,139
2025/3/29,みずほPayPay,ロッテ,ソフトバンク,away,ソト,4,10,杉山　一樹,右,6,表,2,5,3,4,-1,1,0,0,0,0,1_000,左中本,本塁打,1,1,4,4,0,1,0,0,0,0,1_000,0,4,0,0,0,0,0,0,0,0.189,0.189,1,0.208791,0.515504,0.306713,exact,exact,91,129
2025/3/29,みずほPayPay,ロッテ,ソフトバンク,away,ソト,4,10,ヘルナンデス,左,8,表,4,5,4,4,0,2,10,0,1,0,2_010,左飛,凡打,0,0,4,4,0,3,10,0,1,0,3_000,1,0,1,0,0,0,0,0,0,0.276,0,-0.276,0.480769,0.40873,-0.072039,exact,next_half_exact,26,126
2025/3/29,みずほPayPay,ソフトバンク,ロッテ,home,山川　穂高,4,3,横山　陸人,右,8,裏,3,5,4,4,0,2,0,0,0,0,2_000,空三振,空振り,0,0,4,4,0,3,0,0,0,0,3_000,0,0,1,0,0,0,0,0,0,0.074,0,-0.074,0.522059,0.464912,-0.057147,exact,next_half_exact,68,114
2025/3/30,東京ドーム,ヤクルト,巨人,away,オスナ,4,3,石川　達也,左,2,表,1,6,0,0,0,0,0,0,0,0,0_000,空三振,空振り,0,0,0,0,0,1,0,0,0,0,1_000,0,0,1,0,0,0,0,0,0,0.365,0.189,-0.176,0.46325,0.43254,-0.03071,exact,exact,517,378
2025/3/30,東京ドーム,巨人,ヤクルト,home,岡本　和真,4,3,高橋　奎二,左,2,裏,1,7,0,0,0,0,0,0,0,0,0_000,遊安,単打,0,0,0,0,0,0,100,0,0,1,0_100,0,1,0,0,0,0,0,0,0,0.365,0.675,0.31,0.553215,0.642105,0.08889,exact,exact,451,95
2025/3/30,東京ドーム,巨人,ヤクルト,home,岡本　和真,4,3,高橋　奎二,左,3,裏,3,4,2,0,2,1,1,1,0,0,1_001,四球,ボール,0,0,2,0,2,1,101,1,0,1,1_101,1,1,0,0,0,0,0,0,0,0.806,1.016,0.209,1,1,0,exact,exact,5,5
2025/3/30,東京ドーム,ヤクルト,巨人,away,オスナ,4,3,石川　達也,左,4,表,2,5,0,2,-2,1,0,0,0,0,1_000,左安,単打,0,0,0,2,-2,1,100,0,0,1,1_100,0,1,0,0,0,0,0,0,0,0.189,0.398,0.209,0.149254,0.22,0.070746,exact,exact,67,25
2025/3/30,東京ドーム,巨人,ヤクルト,home,岡本　和真,4,3,木澤　尚文,右,5,裏,3,5,2,0,2,0,110,0,1,1,0_110,四球,ボール,0,0,2,0,2,0,111,1,1,1,0_111,1,1,0,2,0,3,0,0,1,1.189,1.78,0.591,1,0.89779,-0.10221,exact,inning_half_diff,5,362
2025/3/30,東京ドーム,ヤクルト,巨人,away,オスナ,4,3,田中　瑛斗,右,6,表,2,3,0,2,-2,1,0,0,0,0,1_000,三直,凡打,0,0,0,2,-2,2,0,0,0,0,2_000,0,0,1,0,0,0,0,0,0,0.189,0.074,-0.115,0.113636,0.112069,-0.001567,exact,exact,66,58
2025/3/30,東京ドーム,巨人,ヤクルト,home,岡本　和真,4,3,荘司　宏太,左,7,裏,3,6,2,0,2,1,100,0,0,1,1_100,空三振,空振り,0,0,2,0,2,2,100,0,0,1,2_100,0,0,1,0,0,0,0,0,0,0.398,0.184,-0.214,1,0.9,-0.1,exact,exact,16,20
2025/3/30,東京ドーム,ヤクルト,巨人,away,オスナ,4,3,大勢,右,8,表,4,3,0,2,-2,2,100,0,0,1,2_100,遊ゴロ,凡打,0,0,0,2,-2,3,100,0,0,1,3_000,0,1,0,0,1,0,0,0,0,0.184,0,-0.184,0.096154,0.058824,-0.03733,exact,next_half_exact,26,85
2025/3/30,横浜,中日,DeNA,away,石川　昂弥,4,5,平良　拳太郎,右,2,表,1,6,0,0,0,0,0,0,0,0,0_000,右飛,凡打,0,0,0,0,0,1,0,0,0,0,1_000,0,0,1,0,0,0,0,0,0,0.365,0.189,-0.176,0.46325,0.43254,-0.03071,exact,exact,517,378
2025/3/30,横浜,DeNA,中日,home,筒香　嘉智,4,7,メヒア,右,2,裏,1,6,0,0,0,0,0,0,0,0,0_000,空三振,空振り,0,0,0,0,0,1,0,0,0,0,1_000,0,0,1,0,0,0,0,0,0,0.365,0.189,-0.176,0.553215,0.505068,-0.048148,exact,exact,451,296
2025/3/30,横浜,中日,DeNA,away,石川　昂弥,4,5,平良　拳太郎,右,4,表,2,5,0,0,0,0,100,0,0,1,0_100,三ゴロ,凡打,0,0,0,0,0,1,10,0,1,0,1_010,0,0,1,2,0,0,0,0,0,0.675,0.568,-0.107,0.536232,0.54,0.003768,exact,exact,69,25
2025/3/30,横浜,DeNA,中日,home,筒香　嘉智,4,7,メヒア,右,4,裏,4,4,1,0,1,1,100,0,0,1,1_100,右飛,凡打,0,0,1,0,1,2,100,0,0,1,2_100,0,0,1,0,0,0,0,0,0,0.398,0.184,-0.214,0.7625,0.822581,0.060081,exact,exact,40,31
2025/3/30,横浜,中日,DeNA,away,石川　昂弥,4,5,石田　裕太郎,右,6,表,2,5,0,2,-2,1,0,0,0,0,1_000,空三振,空振り,0,0,0,2,-2,2,0,0,0,0,2_000,0,0,1,0,0,0,0,0,0,0.189,0.074,-0.115,0.113636,0.112069,-0.001567,exact,exact,66,58
2025/3/30,横浜,DeNA,中日,home,筒香　嘉智,4,7,メヒア,右,6,裏,4,2,2,0,2,2,10,0,1,0,2_010,右飛,凡打,0,0,2,0,2,3,10,0,1,0,3_000,1,0,1,0,0,0,0,0,0,0.276,0,-0.276,1,0.926316,-0.073684,exact,next_half_exact,19,95
2025/3/30,横浜,中日,DeNA,away,石川　昂弥,4,5,伊勢　大夢,右,8,表,5,6,1,2,-1,1,11,1,1,0,1_011,空三振,空振り,0,0,1,2,-1,2,11,1,1,0,2_011,1,0,1,0,0,0,0,0,0,1.295,0.448,-0.847,0.154462,0,-0.154462,inning_half_diff,exact,437,5
2025/3/30,マツダスタジアム,広島,阪神,home,モンテロ,4,3,門別　啓人,左,1,裏,4,4,0,0,0,1,110,0,1,1,1_110,遊併打,凡打,0,0,0,0,0,3,10,0,1,0,3_000,1,0,1,0,1,0,0,0,0,0.715,0,-0.715,0.632075,0.53675,-0.095325,exact,next_half_exact,53,517
2025/3/30,マツダスタジアム,阪神,広島,away,森下　翔太,4,9,森　翔平,左,2,表,1,3,0,0,0,0,0,0,0,0,0_000,三直,凡打,0,0,0,0,0,1,0,0,0,0,1_000,0,0,1,0,0,0,0,0,0,0.365,0.189,-0.176,0.46325,0.43254,-0.03071,exact,exact,517,378
2025/3/30,マツダスタジアム,広島,阪神,home,モンテロ,4,3,門別　啓人,左,3,裏,5,3,0,0,0,2,101,1,0,1,2_101,右飛,凡打,0,0,0,0,0,3,101,1,0,1,3_000,1,0,1,0,0,0,0,0,0,0.431,0,-0.431,0.392857,0.513208,0.12035,exact,next_half_exact,14,265
2025/3/30,マツダスタジアム,阪神,広島,away,森下　翔太,4,9,森　翔平,左,4,表,3,1,0,0,0,2,0,0,0,0,2_000,三ゴロ,凡打,0,0,0,0,0,3,0,0,0,0,3_000,0,0,1,0,0,0,0,0,0,0.074,0,-0.074,0.466667,0.422566,-0.0441,exact,next_half_exact,150,226
2025/3/30,マツダスタジアム,広島,阪神,home,モンテロ,4,3,門別　啓人,左,5,裏,3,7,1,0,1,1,100,0,0,1,1_100,左安,単打,0,0,1,0,1,1,110,0,1,1,1_110,0,1,0,2,0,0,0,0,0,0.398,0.715,0.317,0.764706,0.846154,0.081448,exact,exact,34,13
2025/3/30,マツダスタジアム,阪神,広島,away,森下　翔太,4,9,森　翔平,左,7,表,2,3,0,2,-2,0,100,0,0,1,0_100,三併打,凡打,0,0,0,2,-2,2,0,0,0,0,2_000,0,0,1,0,1,0,0,0,0,0.675,0.074,-0.602,0.086957,0.090909,0.003953,exact,exact,23,55
2025/3/30,マツダスタジアム,広島,阪神,home,モンテロ,4,3,伊原　陵人,左,7,裏,4,5,2,0,2,2,10,0,1,0,2_010,空三振,空振り,0,0,2,0,2,3,10,0,1,0,3_000,1,0,1,0,0,0,0,0,0,0.276,0,-0.276,1,0.907609,-0.092391,exact,next_half_exact,22,92
2025/3/30,マツダスタジアム,阪神,広島,away,森下　翔太,4,9,栗林　良吏,右,9,表,3,1,0,2,-2,2,0,0,0,0,2_000,右飛,凡打,0,0,0,2,-2,3,0,0,0,0,3_000,0,0,1,0,0,0,0,0,0,0.074,0,-0.074,0,0.166542,0.166542,exact,next_half_score_diff_only,48,5356
2025/3/30,ベルーナドーム,日本ハム,西武,away,野村　佑希,4,3,髙橋　光成,右,1,表,4,5,0,0,0,2,10,0,1,0,2_010,中２,二塁打,1,1,1,0,1,2,10,0,1,0,2_010,1,2,0,0,0,4,0,0,0,0.276,0.276,1,0.414773,0.675,0.260227,exact,exact,88,20
2025/3/30,ベルーナドーム,西武,日本ハム,home,セデーニョ,4,10,バーヘイゲン,右,1,裏,4,4,1,1,0,1,1,1,0,0,1_001,一飛,凡打,0,0,1,1,0,2,1,1,0,0,2_001,1,0,1,0,0,0,0,0,0,0.806,0.287,-0.519,0.555556,0.513889,-0.041667,exact,exact,27,36
2025/3/30,ベルーナドーム,日本ハム,西武,away,野村　佑希,4,3,髙橋　光成,右,3,表,4,1,1,1,0,1,110,0,1,1,1_110,左本,本塁打,3,3,4,1,3,1,0,0,0,0,1_000,1,4,0,4,0,4,0,0,0,0.715,0.189,2.474,0.5,0.782609,0.282609,exact,exact,26,23
2025/3/30,ベルーナドーム,西武,日本ハム,home,セデーニョ,4,10,バーヘイゲン,右,4,裏,1,2,1,4,-3,0,0,0,0,0,0_000,中飛,凡打,0,0,1,4,-3,1,0,0,0,0,1_000,0,0,1,0,0,0,0,0,0,0.365,0.189,-0.176,0.178571,0.146341,-0.03223,exact,exact,56,41
2025/3/30,ベルーナドーム,日本ハム,西武,away,野村　佑希,4,3,髙橋　光成,右,5,表,4,1,4,2,2,2,10,0,1,0,2_010,左本,本塁打,2,2,6,2,4,2,0,0,0,0,2_000,1,4,0,0,0,4,0,0,0,0.276,0.074,1.798,0.916667,0.8,-0.116667,exact,exact,18,20
2025/3/30,ベルーナドーム,西武,日本ハム,home,セデーニョ,4,10,松岡　洸希,右,6,裏,3,5,2,6,-4,2,0,0,0,0,2_000,中安,単打,0,0,2,6,-4,2,100,0,0,1,2_100,0,1,0,0,0,0,0,0,0,0.074,0.184,0.11,0,0,0,exact,exact,25,16
2025/3/30,ベルーナドーム,日本ハム,西武,away,野村　佑希,4,3,黒田　将矢,右,8,表,2,5,6,2,4,0,100,0,0,1,0_100,空三振,空振り,0,0,6,2,4,1,100,0,0,1,1_100,0,0,1,0,0,0,0,0,0,0.675,0.398,-0.278,1,1,0,exact,exact,12,14
2025/3/30,ベルーナドーム,西武,日本ハム,home,セデーニョ,4,10,山本　拓実,右,8,裏,4,3,2,7,-5,1,110,0,1,1,1_110,中２,二塁打,2,2,4,7,-3,1,10,0,1,0,1_010,1,2,0,4,0,4,0,0,0,0.715,0.568,1.854,0,0,0,exact,exact,7,6
2025/3/30,京セラD大阪,オリックス,楽天,home,杉本　裕太郎,4,10,辛島　航,左,1,裏,4,5,0,0,0,2,1,1,0,0,2_001,空三振,空振り,0,0,0,0,0,3,1,1,0,0,3_000,1,0,1,0,0,0,0,0,0,0.287,0,-0.287,0.513889,0.53675,0.022862,exact,next_half_exact,36,517
2025/3/30,京セラD大阪,楽天,オリックス,away,辰己　涼介,4,8,髙島　泰都,右,2,表,1,1,0,0,0,0,0,0,0,0,0_000,左飛,凡打,0,0,0,0,0,1,0,0,0,0,1_000,0,0,1,0,0,0,0,0,0,0.365,0.189,-0.176,0.46325,0.43254,-0.03071,exact,exact,517,378
2025/3/30,京セラD大阪,オリックス,楽天,home,杉本　裕太郎,4,10,松井　友飛,右,3,裏,1,3,3,0,3,0,0,0,0,0,0_000,三ゴロ,凡打,0,0,3,0,3,1,0,0,0,0,1_000,0,0,1,0,0,0,0,0,0,0.365,0.189,-0.176,0.794118,0.8,0.005882,exact,exact,34,30
2025/3/30,京セラD大阪,楽天,オリックス,away,辰己　涼介,4,8,髙島　泰都,右,4,表,1,7,0,3,-3,0,0,0,0,0,0_000,四球,ボール,0,0,0,3,-3,0,100,0,0,1,0_100,0,1,0,0,0,0,0,0,0,0.365,0.675,0.31,0.188679,0.176471,-0.012209,exact,exact,53,17
2025/3/30,京セラD大阪,オリックス,楽天,home,杉本　裕太郎,4,10,松井　友飛,右,5,裏,4,1,3,1,2,2,100,0,0,1,2_100,左本,本塁打,2,2,5,1,4,2,0,0,0,0,2_000,0,4,0,4,0,0,0,0,0,0.184,0.074,1.89,1,1,0,exact,exact,17,10
2025/3/30,京セラD大阪,楽天,オリックス,away,辰己　涼介,4,8,博志,右,6,表,1,3,1,5,-4,0,0,0,0,0,0_000,空三振,空振り,0,0,1,5,-4,1,0,0,0,0,1_000,0,0,1,0,0,0,0,0,0,0.365,0.189,-0.176,0,0,0,exact,exact,29,24
2025/3/30,京セラD大阪,オリックス,楽天,home,杉本　裕太郎,4,10,西垣　雅矢,右,7,裏,3,8,5,1,4,1,100,0,0,1,1_100,空三振,空振り,0,0,5,1,4,2,100,0,0,1,2_100,0,0,1,0,0,0,0,0,0,0.398,0.184,-0.214,1,1,0,exact,exact,16,11
2025/3/30,京セラD大阪,楽天,オリックス,away,辰己　涼介,4,8,ペルドモ,右,8,表,2,4,1,5,-4,1,0,0,0,0,1_000,二直,凡打,0,0,1,5,-4,2,0,0,0,0,2_000,0,0,1,0,0,0,0,0,0,0.189,0.074,-0.115,0,0,0,exact,exact,31,25
2025/3/30,みずほPayPay,ロッテ,ソフトバンク,away,ソト,4,3,上沢　直之,右,2,表,1,5,0,0,0,0,0,0,0,0,0_000,右飛,凡打,0,0,0,0,0,1,0,0,0,0,1_000,0,0,1,0,0,0,0,0,0,0.365,0.189,-0.176,0.46325,0.43254,-0.03071,exact,exact,517,378
2025/3/30,みずほPayPay,ソフトバンク,ロッテ,home,山川　穂高,4,3,種市　篤暉,右,2,裏,1,1,0,0,0,0,0,0,0,0,0_000,三失,失策出塁,0,0,0,0,0,0,100,0,0,1,0_100,0,1,0,0,0,0,0,0,0,0.365,0.675,0.31,0.553215,0.642105,0.08889,exact,exact,451,95
2025/3/30,みずほPayPay,ソフトバンク,ロッテ,home,山川　穂高,4,3,種市　篤暉,右,3,裏,4,2,2,0,2,0,111,1,1,1,0_111,三ゴロ,凡打,0,0,2,0,2,1,111,1,1,1,1_111,1,1,0,2,0,3,0,0,1,1.78,1.328,-0.452,0.781056,0.781056,0,inning_half_diff,inning_half_diff,322,322
2025/3/30,みずほPayPay,ロッテ,ソフトバンク,away,ソト,4,3,上沢　直之,右,5,表,1,6,0,4,-4,0,0,0,0,0,0_000,左中本,本塁打,1,1,1,4,-3,0,0,0,0,0,0_000,0,4,0,0,0,0,0,0,0,0.365,0.365,1,0.043478,0.107692,0.064214,exact,exact,23,65
2025/3/30,みずほPayPay,ソフトバンク,ロッテ,home,山川　穂高,4,3,種市　篤暉,右,5,裏,2,5,4,1,3,0,100,0,0,1,0_100,空三振,空振り,0,0,4,1,3,1,100,0,0,1,1_100,0,0,1,0,0,0,0,0,0,0.675,0.398,-0.278,0.882353,0.769231,-0.113122,exact,exact,17,13
2025/3/30,みずほPayPay,ロッテ,ソフトバンク,away,ソト,4,3,上沢　直之,右,7,表,3,6,1,4,-3,1,10,0,1,0,1_010,右安,単打,0,0,1,4,-3,1,101,1,0,1,1_101,1,1,0,0,0,3,0,0,0,0.568,1.016,0.447,0.4,0.084158,-0.315842,exact,inning_half_diff,5,202
2025/3/30,みずほPayPay,ソフトバンク,ロッテ,home,山川　穂高,4,3,木村　優人,右,7,裏,1,4,4,4,0,0,0,0,0,0,0_000,空三振,空振り,0,0,4,4,0,1,0,0,0,0,1_000,0,0,1,0,0,0,0,0,0,0.365,0.189,-0.176,0.575,0.52551,-0.04949,exact,exact,140,98
2025/3/30,みずほPayPay,ロッテ,ソフトバンク,away,ソト,4,3,杉山　一樹,右,8,表,5,3,5,4,1,2,100,0,0,1,2_100,一飛,凡打,0,0,5,4,1,3,100,0,0,1,3_000,0,0,1,0,0,0,0,0,0,0.184,0,-0.184,0.851852,0.822917,-0.028935,exact,next_half_exact,27,96
2025/3/30,みずほPayPay,ソフトバンク,ロッテ,home,山川　穂高,4,3,鈴木　昭汰,左,9,裏,4,8,4,7,-3,2,100,0,0,1,2_100,中飛,凡打,0,0,4,7,-3,3,100,0,0,1,3_000,0,0,1,0,0,0,0,0,0,0.184,0,-0.184,0,0,0,exact,game_final,17,1
2025/4/1,バンテリンドーム,巨人,中日,away,岡本　和真,4,3,マラー,左,2,表,1,6,0,0,0,0,0,0,0,0,0_000,空三振,空振り,0,0,0,0,0,1,0,0,0,0,1_000,0,0,1,0,0,0,0,0,0,0.365,0.189,-0.176,0.46325,0.43254,-0.03071,exact,exact,517,378
2025/4/1,バンテリンドーム,中日,巨人,home,石川　昂弥,4,5,井上　温大,左,2,裏,1,2,0,0,0,0,0,0,0,0,0_000,右２,二塁打,0,0,0,0,0,0,10,0,1,0,0_010,0,2,0,0,0,0,0,0,0,0.365,0.958,0.593,0.553215,0.636364,0.083149,exact,exact,451,33
2025/4/1,バンテリンドーム,巨人,中日,away,岡本　和真,4,3,マラー,左,4,表,3,5,0,1,-1,2,0,0,0,0,2_000,左本,本塁打,1,1,1,1,0,2,0,0,0,0,2_000,0,4,0,0,0,0,0,0,0,0.074,0.074,1,0.215789,0.466667,0.250877,exact,exact,95,150
2025/4/1,バンテリンドーム,中日,巨人,home,石川　昂弥,4,5,井上　温大,左,4,裏,2,7,1,1,0,0,100,0,0,1,0_100,見三振,見逃し,0,0,1,1,0,1,100,0,0,1,1_100,0,0,1,0,0,0,0,0,0,0.675,0.398,-0.278,0.62963,0.630769,0.00114,exact,exact,54,65
2025/4/1,バンテリンドーム,中日,巨人,home,石川　昂弥,4,5,井上　温大,左,6,裏,2,6,1,1,0,1,0,0,0,0,1_000,三ゴロ,凡打,0,0,1,1,0,2,0,0,0,0,2_000,0,0,1,0,0,0,0,0,0,0.189,0.074,-0.115,0.486957,0.465517,-0.021439,exact,exact,115,87
2025/4/1,バンテリンドーム,巨人,中日,away,岡本　和真,4,3,岩嵜　翔,右,7,表,1,8,1,1,0,0,0,0,0,0,0_000,遊ゴロ,凡打,0,0,1,1,0,1,0,0,0,0,1_000,0,0,1,0,0,0,0,0,0,0.365,0.189,-0.176,0.534014,0.527273,-0.006741,exact,exact,147,110
2025/4/1,バンテリンドーム,巨人,中日,away,岡本　和真,4,3,清水　達也,右,8,表,5,6,1,2,-1,2,101,1,0,1,2_101,空三振,空振り,0,0,1,2,-1,3,101,1,0,1,3_000,1,0,1,0,0,0,0,0,0,0.431,0,-0.431,0.1,0.063636,-0.036364,exact,next_half_exact,5,110
2025/4/1,バンテリンドーム,中日,巨人,home,石川　昂弥,4,5,バルドナード,左,8,裏,3,6,2,1,1,0,110,0,1,1,0_110,投安,単打,0,0,2,1,1,0,111,1,1,1,0_111,1,1,0,2,0,3,0,0,1,1.189,1.78,0.591,0.934043,0.934043,0,inning_half_diff,inning_half_diff,470,470
2025/4/1,京セラD大阪,DeNA,阪神,away,筒香　嘉智,4,7,才木　浩人,右,2,表,1,3,0,0,0,0,0,0,0,0,0_000,遊ゴロ,凡打,0,0,0,0,0,1,0,0,0,0,1_000,0,0,1,0,0,0,0,0,0,0.365,0.189,-0.176,0.46325,0.43254,-0.03071,exact,exact,517,378
2025/4/1,京セラD大阪,阪神,DeNA,home,森下　翔太,4,9,ジャクソン,右,2,裏,1,6,0,0,0,0,0,0,0,0,0_000,右２,二塁打,0,0,0,0,0,0,10,0,1,0,0_010,0,2,0,0,0,0,0,0,0,0.365,0.958,0.593,0.553215,0.636364,0.083149,exact,exact,451,33
2025/4/1,京セラD大阪,DeNA,阪神,away,筒香　嘉智,4,7,才木　浩人,右,3,表,5,6,1,1,0,2,10,0,1,0,2_010,空三振,空振り,0,0,1,1,0,3,10,0,1,0,3_000,1,0,1,0,0,0,0,0,0,0.276,0,-0.276,0.542373,0.459807,-0.082566,exact,next_half_exact,59,311
2025/4/1,京セラD大阪,阪神,DeNA,home,森下　翔太,4,9,ジャクソン,右,3,裏,5,8,1,1,0,2,11,1,1,0,2_011,中飛,凡打,0,0,1,1,0,3,11,1,1,0,3_000,1,0,1,0,0,0,0,0,0,0.448,0,-0.448,0.6875,0.513208,-0.174292,exact,next_half_exact,8,265
2025/4/1,京セラD大阪,DeNA,阪神,away,筒香　嘉智,4,7,才木　浩人,右,6,表,3,7,1,1,0,1,10,0,1,0,1_010,四球,ボール,0,0,1,1,0,1,110,0,1,1,1_110,1,1,0,0,0,0,0,0,0,0.568,0.715,0.146,0.613636,0.6,-0.013636,exact,exact,22,15
2025/4/1,京セラD大阪,阪神,DeNA,home,森下　翔太,4,9,ジャクソン,右,6,裏,1,2,1,4,-3,0,0,0,0,0,0_000,遊ゴロ,凡打,0,0,1,4,-3,1,0,0,0,0,1_000,0,0,1,0,0,0,0,0,0,0.365,0.189,-0.176,0.09434,0.108696,0.014356,exact,exact,53,46
2025/4/1,京セラD大阪,DeNA,阪神,away,筒香　嘉智,4,7,伊原　陵人,左,7,表,3,4,4,1,3,2,0,0,0,0,2_000,右飛,凡打,0,0,4,1,3,3,0,0,0,0,3_000,0,0,1,0,0,0,0,0,0,0.074,0,-0.074,0.971429,0.925,-0.046429,exact,next_half_exact,35,60
2025/4/1,京セラD大阪,阪神,DeNA,home,森下　翔太,4,9,伊勢　大夢,右,8,裏,4,9,1,4,-3,1,110,0,1,1,1_110,二直,凡打,0,0,1,4,-3,2,110,0,1,1,2_110,1,0,1,0,0,0,0,0,0,0.715,0.368,-0.346,0.1,0,-0.1,exact,exact,10,7
2025/4/1,京セラD大阪,DeNA,阪神,away,蝦名　達夫,4,7,石黒　佑弥,右,9,表,6,2,6,1,5,1,11,1,1,0,1_011,右犠飛,犠飛,1,1,7,1,6,2,1,1,0,0,2_001,1,0,1,0,0,3,0,4,0,1.295,0.287,-0.008,1,1,0,inning_half_diff,inning_half_diff,130,92
2025/4/1,エスコンF,ソフトバンク,日本ハム,away,山川　穂高,4,3,伊藤　大海,右,1,表,4,1,1,0,1,0,110,0,1,1,0_110,右飛,凡打,0,0,1,0,1,1,110,0,1,1,1_110,1,0,1,0,0,0,0,0,0,1.189,0.715,-0.474,0.599265,0.571429,-0.027836,inning_half_diff,exact,272,21
2025/4/1,エスコンF,日本ハム,ソフトバンク,home,野村　佑希,4,7,モイネロ,左,2,裏,1,6,0,3,-3,0,0,0,0,0,0_000,左本,本塁打,1,1,1,3,-2,0,0,0,0,0,0_000,0,4,0,0,0,0,0,0,0,0.365,0.365,1,0.210526,0.279412,0.068885,exact,exact,38,68
2025/4/1,エスコンF,ソフトバンク,日本ハム,away,山川　穂高,4,3,伊藤　大海,右,3,表,1,2,3,1,2,0,0,0,0,0,0_000,左安,単打,0,0,3,1,2,0,100,0,0,1,0_100,0,1,0,0,0,0,0,0,0,0.365,0.675,0.31,0.730159,0.681818,-0.048341,exact,exact,63,11
2025/4/1,エスコンF,日本ハム,ソフトバンク,home,野村　佑希,4,7,モイネロ,左,4,裏,2,3,1,3,-2,1,0,0,0,0,1_000,死球,死球,0,0,1,3,-2,1,100,0,0,1,1_100,0,1,0,0,0,0,0,0,0,0.189,0.398,0.209,0.268657,0.482759,0.214102,exact,exact,67,29
2025/4/1,エスコンF,ソフトバンク,日本ハム,away,山川　穂高,4,3,伊藤　大海,右,5,表,2,5,4,1,3,0,0,0,0,0,0_000,三ゴロ,凡打,0,0,4,1,3,1,0,0,0,0,1_000,0,0,1,0,0,0,0,0,0,0.365,0.189,-0.176,0.934783,1,0.065217,exact,exact,46,33
2025/4/1,エスコンF,ソフトバンク,日本ハム,away,山川　穂高,4,3,山本　拓実,右,7,表,3,5,5,1,4,1,100,0,0,1,1_100,空三振,空振り,0,0,5,1,4,2,100,0,0,1,2_100,0,0,1,0,0,0,0,0,0,0.398,0.184,-0.214,0.833333,1,0.166667,exact,exact,6,12
2025/4/1,エスコンF,日本ハム,ソフトバンク,home,野村　佑希,4,7,モイネロ,左,7,裏,1,1,1,5,-4,0,0,0,0,0,0_000,遊ゴロ,凡打,0,0,1,5,-4,1,0,0,0,0,1_000,0,0,1,0,0,0,0,0,0,0.365,0.189,-0.176,0.046512,0,-0.046512,exact,exact,43,30
2025/4/2,神宮,ヤクルト,広島,home,オスナ,4,3,大瀬良　大地,右,1,裏,4,5,0,0,0,1,110,0,1,1,1_110,右安,単打,1,1,1,0,1,1,101,1,0,1,1_101,1,1,0,3,0,4,0,0,0,0.715,1.016,1.301,0.632075,1,0.367925,exact,exact,53,10
2025/4/2,神宮,広島,ヤクルト,away,堂林　翔太,4,3,山野　太一,左,2,表,1,5,0,1,-1,0,0,0,0,0,0_000,左安,単打,0,0,0,1,-1,0,100,0,0,1,0_100,0,1,0,0,0,0,0,0,0,0.365,0.675,0.31,0.292453,0.25,-0.042453,exact,exact,106,32
2025/4/2,神宮,ヤクルト,広島,home,オスナ,4,3,大瀬良　大地,右,3,裏,3,3,1,2,-1,2,0,0,0,0,2_000,遊ゴロ,凡打,0,0,1,2,-1,3,0,0,0,0,3_000,0,0,1,0,0,0,0,0,0,0.074,0,-0.074,0.387097,0.324324,-0.062772,exact,next_half_exact,62,111
2025/4/2,神宮,広島,ヤクルト,away,堂林　翔太,4,3,山野　太一,左,4,表,1,6,2,1,1,0,0,0,0,0,0_000,遊ゴロ,凡打,0,0,2,1,1,1,0,0,0,0,1_000,0,0,1,0,0,0,0,0,0,0.365,0.189,-0.176,0.675676,0.653333,-0.022342,exact,exact,111,75
2025/4/2,神宮,ヤクルト,広島,home,オスナ,4,3,大瀬良　大地,右,5,裏,4,4,1,2,-1,2,100,0,0,1,2_100,二ゴロ,凡打,0,0,1,2,-1,3,100,0,0,1,3_000,0,0,1,0,0,0,0,0,0,0.184,0,-0.184,0.145833,0.331776,0.185942,exact,next_half_exact,24,107
2025/4/2,神宮,広島,ヤクルト,away,堂林　翔太,4,3,山野　太一,左,6,表,3,4,2,1,1,1,100,0,0,1,1_100,空三振,空振り,0,0,2,1,1,2,100,0,0,1,2_100,0,0,1,0,0,0,0,0,0,0.398,0.184,-0.214,0.645161,0.557692,-0.087469,exact,exact,31,26
2025/4/2,神宮,広島,ヤクルト,away,堂林　翔太,4,3,阪口　皓亮,右,8,表,3,5,4,1,3,2,0,0,0,0,2_000,四球,ボール,0,0,4,1,3,2,100,0,0,1,2_100,0,1,0,0,0,0,0,0,0,0.074,0.184,0.11,0.944444,0.933333,-0.011111,exact,exact,36,15
2025/4/2,神宮,ヤクルト,広島,home,オスナ,4,3,ハーン,左,8,裏,2,7,1,4,-3,0,100,0,0,1,0_100,中２,二塁打,0,0,1,4,-3,0,11,1,1,0,0_011,0,2,0,3,0,0,0,0,0,0.675,1.8,1.125,0.230769,0.063291,-0.167478,exact,inning_half_diff,13,237
2025/4/2,神宮,広島,ヤクルト,away,堂林　翔太,4,3,木澤　尚文,右,10,表,5,5,4,4,0,1,111,1,1,1,1_111,中飛,凡打,0,0,4,4,0,2,111,1,1,1,2_111,1,0,1,0,0,0,0,0,0,1.328,0.562,-0.766,0.8,0.503886,-0.296114,exact,inning_half_diff,5,386
2025/4/2,神宮,ヤクルト,広島,home,オスナ,4,3,塹江　敦哉,左,10,裏,1,6,4,4,0,0,0,0,0,0,0_000,中２,二塁打,0,0,4,4,0,0,10,0,1,0,0_010,0,2,0,0,0,0,0,0,0,0.365,0.958,0.593,0.623377,1,0.376623,exact,exact,77,6
2025/4/2,バンテリンドーム,巨人,中日,away,岡本　和真,4,3,柳　裕也,右,1,表,4,2,0,0,0,1,101,1,0,1,1_101,左安,単打,1,1,1,0,1,1,110,0,1,1,1_110,1,1,0,2,0,0,0,4,0,1.016,0.715,0.699,0.5,0.571429,0.071429,exact,exact,28,21
2025/4/2,バンテリンドーム,中日,巨人,home,石川　昂弥,4,5,山﨑　伊織,右,1,裏,4,4,0,1,-1,2,1,1,0,0,2_001,二飛,凡打,0,0,0,1,-1,3,1,1,0,0,3_000,1,0,1,0,0,0,0,0,0,0.287,0,-0.287,0.470149,0.414894,-0.055256,inning_half_diff,next_half_exact,402,94
2025/4/2,バンテリンドーム,巨人,中日,away,岡本　和真,4,3,柳　裕也,右,4,表,1,1,1,0,1,0,0,0,0,0,0_000,死球,死球,0,0,1,0,1,0,100,0,0,1,0_100,0,1,0,0,0,0,0,0,0,0.365,0.675,0.31,0.675676,0.757143,0.081467,exact,exact,111,35
2025/4/2,バンテリンドーム,中日,巨人,home,石川　昂弥,4,5,山﨑　伊織,右,4,裏,2,2,0,1,-1,1,0,0,0,0,1_000,右飛,凡打,0,0,0,1,-1,2,0,0,0,0,2_000,0,0,1,0,0,0,0,0,0,0.189,0.074,-0.115,0.381443,0.315789,-0.065654,exact,exact,97,76
2025/4/2,バンテリンドーム,巨人,中日,away,岡本　和真,4,3,柳　裕也,右,6,表,3,6,1,0,1,1,1,1,0,0,1_001,二飛,凡打,0,0,1,0,1,2,1,1,0,0,2_001,1,0,1,0,0,0,0,0,0,0.806,0.287,-0.519,0.674107,0.65,-0.024107,inning_half_diff,exact,448,10
2025/4/2,バンテリンドーム,中日,巨人,home,石川　昂弥,4,5,山﨑　伊織,右,6,裏,3,4,0,2,-2,2,0,0,0,0,2_000,空三振,空振り,0,0,0,2,-2,3,0,0,0,0,3_000,0,0,1,0,0,0,0,0,0,0.074,0,-0.074,0.175,0.149425,-0.025575,exact,next_half_exact,60,87
2025/4/2,バンテリンドーム,巨人,中日,away,岡本　和真,4,3,橋本　侑樹,左,8,表,4,0,2,0,2,2,10,0,1,0,2_010,故意四,,0,0,2,0,2,2,110,0,1,1,2_110,1,1,0,0,0,0,0,0,0,0.276,0.368,0.093,0.966667,0.961538,-0.005128,exact,exact,15,13
2025/4/2,バンテリンドーム,中日,巨人,home,石川　昂弥,4,5,マルティネス,右,9,裏,2,4,0,2,-2,0,100,0,0,1,0_100,中飛,凡打,0,0,0,2,-2,1,100,0,0,1,1_100,0,0,1,0,0,0,0,0,0,0.675,0.398,-0.278,0.294118,0.263158,-0.03096,exact,exact,17,19
2025/4/2,京セラD大阪,DeNA,阪神,away,オースティン,4,3,ビーズリー,右,2,表,1,2,0,0,0,0,0,0,0,0,0_000,左安,単打,0,0,0,0,0,0,100,0,0,1,0_100,0,1,0,0,0,0,0,0,0,0.365,0.675,0.31,0.46325,0.574074,0.110825,exact,exact,517,108
2025/4/2,京セラD大阪,阪神,DeNA,home,森下　翔太,4,9,大貫　晋一,右,2,裏,1,6,0,1,-1,0,0,0,0,0,0_000,右安,単打,0,0,0,1,-1,0,100,0,0,1,0_100,0,1,0,0,0,0,0,0,0,0.365,0.675,0.31,0.488095,0.645161,0.157066,exact,exact,126,31
2025/4/2,京セラD大阪,DeNA,阪神,away,オースティン,4,3,ビーズリー,右,4,表,2,1,1,0,1,1,0,0,0,0,1_000,二飛,凡打,0,0,1,0,1,2,0,0,0,0,2_000,0,0,1,0,0,0,0,0,0,0.189,0.074,-0.115,0.653333,0.606557,-0.046776,exact,exact,75,61
2025/4/2,京セラD大阪,阪神,DeNA,home,森下　翔太,4,9,大貫　晋一,右,4,裏,4,3,1,1,0,1,10,0,1,0,1_010,右２,二塁打,1,1,2,1,1,1,10,0,1,0,1_010,1,2,0,0,0,4,0,0,0,0.568,0.568,1,0.605263,0.730769,0.125506,exact,exact,19,13
2025/4/2,京セラD大阪,DeNA,阪神,away,オースティン,4,3,ビーズリー,右,6,表,3,5,2,2,0,0,10,0,1,0,0_010,空三振,空振り,0,0,2,2,0,1,10,0,1,0,1_010,1,0,1,0,0,0,0,0,0,0.958,0.568,-0.39,0.4375,0.613636,0.176136,exact,exact,8,22
2025/4/2,京セラD大阪,阪神,DeNA,home,森下　翔太,4,9,大貫　晋一,右,6,裏,3,4,2,3,-1,1,100,0,0,1,1_100,中安,単打,0,0,2,3,-1,1,110,0,1,1,1_110,0,1,0,2,0,0,0,0,0,0.398,0.715,0.317,0.318182,0.590909,0.272727,exact,exact,33,11
2025/4/2,京セラD大阪,阪神,DeNA,home,森下　翔太,4,9,堀岡　隼人,右,7,裏,4,3,4,3,1,2,10,0,1,0,2_010,故意四,,0,0,4,3,1,2,110,0,1,1,2_110,1,1,0,0,0,0,0,0,0,0.276,0.368,0.093,0.8125,0.725,-0.0875,exact,exact,24,20
2025/4/2,京セラD大阪,DeNA,阪神,away,オースティン,4,3,ゲラ,右,8,表,2,2,3,6,-3,1,0,0,0,0,1_000,二ゴロ,凡打,0,0,3,6,-3,2,0,0,0,0,2_000,0,0,1,0,0,0,0,0,0,0.189,0.074,-0.115,0.01087,0.013514,0.002644,exact,exact,46,37
2025/4/2,京セラD大阪,DeNA,阪神,away,オースティン,4,3,岩崎　優,左,9,表,3,5,6,6,0,1,10,0,1,0,1_010,四球,ボール,0,0,6,6,0,1,110,0,1,1,1_110,1,1,0,0,0,0,0,0,0,0.568,0.715,0.146,0.535714,0.714286,0.178571,exact,exact,14,7
2025/4/2,京セラD大阪,阪神,DeNA,home,森下　翔太,4,9,伊勢　大夢,右,9,裏,2,1,6,6,0,1,0,0,0,0,1_000,遊直,凡打,0,0,6,6,0,2,0,0,0,0,2_000,0,0,1,0,0,0,0,0,0,0.189,0.074,-0.115,0.538462,0.491228,-0.047233,exact,exact,78,57
2025/4/2,京セラD大阪,阪神,DeNA,home,森下　翔太,4,9,宮城　滝太,右,11,裏,4,5,6,6,0,2,100,0,0,1,2_100,右安,単打,0,0,6,6,0,3,100,0,0,1,3_000,0,1,0,0,1,0,0,0,0,0.184,0,-0.184,0.65,0.585714,-0.064286,exact,next_half_exact,10,35
2025/4/2,京セラD大阪,DeNA,阪神,away,オースティン,4,3,工藤　泰成,右,12,表,2,4,6,6,0,1,0,0,0,0,1_000,右飛,凡打,0,0,6,6,0,2,0,0,0,0,2_000,0,0,1,0,0,0,0,0,0,0.189,0.074,-0.115,0.36,0.333333,-0.026667,exact,exact,25,21
2025/4/2,エスコンF,ソフトバンク,日本ハム,away,山川　穂高,4,3,北山　亘基,右,1,表,4,4,0,0,0,2,100,0,0,1,2_100,右飛,凡打,0,0,0,0,0,3,100,0,0,1,3_000,0,0,1,0,0,0,0,0,0,0.184,0,-0.184,0.455696,0.41018,-0.045517,exact,next_half_exact,158,668
2025/4/2,エスコンF,日本ハム,ソフトバンク,home,野村　佑希,4,3,前田　純,左,2,裏,1,1,0,0,0,0,0,0,0,0,0_000,左安,単打,0,0,0,0,0,0,100,0,0,1,0_100,0,1,0,0,0,0,0,0,0,0.365,0.675,0.31,0.553215,0.642105,0.08889,exact,exact,451,95
2025/4/2,エスコンF,ソフトバンク,日本ハム,away,山川　穂高,4,3,北山　亘基,右,4,表,1,3,0,0,0,0,0,0,0,0,0_000,空三振,空振り,0,0,0,0,0,1,0,0,0,0,1_000,0,0,1,0,0,0,0,0,0,0.365,0.189,-0.176,0.486792,0.45082,-0.035973,exact,exact,265,183
2025/4/2,エスコンF,日本ハム,ソフトバンク,home,野村　佑希,4,3,前田　純,左,4,裏,2,5,0,0,0,0,10,0,1,0,0_010,右安,単打,0,0,0,0,0,0,101,1,0,1,0_101,1,1,0,0,0,3,0,0,0,0.958,1.496,0.538,0.866667,1,0.133333,exact,exact,15,5
2025/4/2,エスコンF,ソフトバンク,日本ハム,away,山川　穂高,4,3,北山　亘基,右,5,表,5,2,0,0,0,2,101,1,0,1,2_101,二ゴロ,凡打,0,0,0,0,0,3,101,1,0,1,3_000,1,0,1,0,0,0,0,0,0,0.431,0,-0.431,0.75,0.453804,-0.296196,exact,next_half_exact,12,184
2025/4/2,エスコンF,日本ハム,ソフトバンク,home,野村　佑希,4,3,尾形　崇斗,右,5,裏,6,7,2,0,2,1,110,0,1,1,1_110,二飛,凡打,0,0,2,0,2,2,110,0,1,1,2_110,1,0,1,0,0,0,0,0,0,0.715,0.368,-0.346,0.846154,1,0.153846,exact,exact,13,11
2025/4/2,エスコンF,ソフトバンク,日本ハム,away,山川　穂高,4,3,河野　竜生,左,7,表,4,6,1,2,-1,2,1,1,0,0,2_001,右飛,凡打,0,0,1,2,-1,3,1,1,0,0,3_000,1,0,1,0,0,0,0,0,0,0.287,0,-0.287,0,0.123894,0.123894,exact,next_half_exact,8,113
2025/4/2,エスコンF,日本ハム,ソフトバンク,home,野村　佑希,4,3,藤井　皓哉,右,7,裏,4,5,3,1,2,2,0,0,0,0,2_000,見三振,見逃し,0,0,3,1,2,3,0,0,0,0,3_000,0,0,1,0,0,0,0,0,0,0.074,0,-0.074,0.933333,0.907609,-0.025725,exact,next_half_exact,45,92
2025/4/2,ZOZOマリン,ロッテ,オリックス,home,ソト,4,3,曽谷　龍平,左,1,裏,4,3,0,0,0,2,100,0,0,1,2_100,左安,単打,0,0,0,0,0,2,110,0,1,1,2_110,0,1,0,2,0,0,0,0,0,0.184,0.368,0.184,0.580882,0.551724,-0.029158,exact,exact,136,58
2025/4/2,ZOZOマリン,オリックス,ロッテ,away,杉本　裕太郎,4,10,西野　勇士,右,2,表,1,1,0,0,0,0,0,0,0,0,0_000,一邪飛,邪飛,0,0,0,0,0,1,0,0,0,0,1_000,0,0,1,0,0,0,0,0,0,0.365,0.189,-0.176,0.46325,0.43254,-0.03071,exact,exact,517,378
2025/4/2,ZOZOマリン,ロッテ,オリックス,home,ソト,4,3,曽谷　龍平,左,3,裏,5,6,1,0,1,2,10,0,1,0,2_010,中飛,凡打,0,0,1,0,1,3,10,0,1,0,3_000,1,0,1,0,0,0,0,0,0,0.276,0,-0.276,0.783333,0.724832,-0.058501,exact,next_half_exact,30,149
2025/4/2,ZOZOマリン,オリックス,ロッテ,away,杉本　裕太郎,4,10,西野　勇士,右,4,表,4,4,0,1,-1,1,101,1,0,1,1_101,二飛,凡打,0,0,0,1,-1,2,101,1,0,1,2_101,1,0,1,0,0,0,0,0,0,1.016,0.431,-0.585,0.583333,0.333333,-0.25,exact,exact,6,6
2025/4/2,ZOZOマリン,オリックス,ロッテ,away,杉本　裕太郎,4,10,西野　勇士,右,6,表,3,4,1,1,0,1,100,0,0,1,1_100,右安,単打,0,0,1,1,0,1,110,0,1,1,1_110,0,1,0,2,0,0,0,0,0,0.398,0.715,0.317,0.564103,0.6,0.035897,exact,exact,39,15
2025/4/2,ZOZOマリン,ロッテ,オリックス,home,ソト,4,3,曽谷　龍平,左,6,裏,1,4,1,1,0,0,0,0,0,0,0_000,四球,ボール,0,0,1,1,0,0,100,0,0,1,0_100,0,1,0,0,0,0,0,0,0,0.365,0.675,0.31,0.546584,0.684211,0.137627,exact,exact,161,38
2025/4/2,ZOZOマリン,ロッテ,オリックス,home,ソト,4,3,古田島　成龍,右,7,裏,5,5,1,3,-2,2,110,0,1,1,2_110,左安,単打,1,1,2,3,-1,2,110,0,1,1,2_110,1,1,0,2,0,4,0,0,0,0.368,0.368,1,0.111111,0.111111,0,exact,exact,9,9
2025/4/2,ZOZOマリン,オリックス,ロッテ,away,杉本　裕太郎,4,10,中森　俊介,右,8,表,2,3,3,2,1,0,10,0,1,0,0_010,空三振,空振り,0,0,3,2,1,1,10,0,1,0,1_010,1,0,1,0,0,0,0,0,0,0.958,0.568,-0.39,0.8125,0.90625,0.09375,exact,exact,8,16
2025/4/2,ZOZOマリン,ロッテ,オリックス,home,ソト,4,3,マチャド,右,9,裏,4,5,2,3,-1,2,10,0,1,0,2_010,空三振,空振り,0,0,2,3,-1,3,10,0,1,0,3_000,1,0,1,0,0,0,0,0,0,0.276,0,-0.276,0,0,0,exact,game_final,22,1
2025/4/3,神宮,広島,ヤクルト,away,堂林　翔太,4,3,小川　泰弘,右,2,表,1,2,0,0,0,0,0,0,0,0,0_000,中飛,凡打,0,0,0,0,0,1,0,0,0,0,1_000,0,0,1,0,0,0,0,0,0,0.365,0.189,-0.176,0.46325,0.43254,-0.03071,exact,exact,517,378
2025/4/3,神宮,ヤクルト,広島,home,オスナ,4,3,玉村　昇悟,左,2,裏,1,4,0,0,0,0,0,0,0,0,0_000,右飛,凡打,0,0,0,0,0,1,0,0,0,0,1_000,0,0,1,0,0,0,0,0,0,0.365,0.189,-0.176,0.553215,0.505068,-0.048148,exact,exact,451,296
2025/4/3,神宮,広島,ヤクルト,away,堂林　翔太,4,3,小川　泰弘,右,4,表,3,2,0,0,0,2,0,0,0,0,2_000,右飛,凡打,0,0,0,0,0,3,0,0,0,0,3_000,0,0,1,0,0,0,0,0,0,0.074,0,-0.074,0.466667,0.422566,-0.0441,exact,next_half_exact,150,226
2025/4/3,神宮,ヤクルト,広島,home,オスナ,4,3,玉村　昇悟,左,4,裏,3,4,0,0,0,0,110,0,1,1,0_110,左２,二塁打,1,1,1,0,1,0,11,1,1,0,0_011,1,2,0,3,0,4,0,0,0,1.189,1.8,1.611,0.78125,0.758377,-0.022873,exact,inning_half_diff,16,567
2025/4/3,神宮,ヤクルト,広島,home,オスナ,4,3,鈴木　健矢,右,6,裏,1,4,2,0,2,0,0,0,0,0,0_000,左飛,凡打,0,0,2,0,2,1,0,0,0,0,1_000,0,0,1,0,0,0,0,0,0,0.365,0.189,-0.176,0.941176,0.928571,-0.012605,exact,exact,85,56
2025/4/3,神宮,広島,ヤクルト,away,堂林　翔太,4,3,小川　泰弘,右,7,表,2,1,0,2,-2,1,0,0,0,0,1_000,三ゴロ,凡打,0,0,0,2,-2,2,0,0,0,0,2_000,0,0,1,0,0,0,0,0,0,0.189,0.074,-0.115,0.075758,0.090909,0.015152,exact,exact,66,55
2025/4/3,神宮,ヤクルト,広島,home,オスナ,4,3,岡本　駿,右,8,裏,1,2,3,0,3,0,0,0,0,0,0_000,捕邪飛,邪飛,0,0,3,0,3,1,0,0,0,0,1_000,0,0,1,0,0,0,0,0,0,0.365,0.189,-0.176,1,1,0,exact,exact,54,41
2025/4/3,バンテリンドーム,中日,巨人,home,石川　昂弥,4,5,田中　将大,右,1,裏,4,5,0,0,0,1,110,0,1,1,1_110,遊併打,凡打,0,0,0,0,0,3,10,0,1,0,3_000,1,0,1,0,1,0,0,0,0,0.715,0,-0.715,0.632075,0.53675,-0.095325,exact,next_half_exact,53,517
2025/4/3,バンテリンドーム,巨人,中日,away,岡本　和真,4,3,大野　雄大,左,2,表,1,2,0,0,0,0,0,0,0,0,0_000,左安,単打,0,0,0,0,0,0,100,0,0,1,0_100,0,1,0,0,0,0,0,0,0,0.365,0.675,0.31,0.46325,0.574074,0.110825,exact,exact,517,108
2025/4/3,バンテリンドーム,巨人,中日,away,岡本　和真,4,3,大野　雄大,左,3,表,5,7,3,0,3,2,0,0,0,0,2_000,左２,二塁打,0,0,3,0,3,2,10,0,1,0,2_010,0,2,0,0,0,0,0,0,0,0.074,0.276,0.202,0.785714,0.714286,-0.071429,exact,exact,28,7
2025/4/3,バンテリンドーム,中日,巨人,home,石川　昂弥,4,5,田中　将大,右,3,裏,6,6,1,3,-2,2,101,1,0,1,2_101,遊ゴロ,凡打,0,0,1,3,-2,3,101,1,0,1,3_000,1,0,1,0,0,0,0,0,0,0.431,0,-0.431,0.166667,0.244186,0.077519,exact,next_half_exact,6,86
2025/4/3,バンテリンドーム,巨人,中日,away,岡本　和真,4,3,大野　雄大,左,5,表,4,5,3,1,2,0,111,1,1,1,0_111,中犠飛,犠飛,1,1,4,1,3,1,110,0,1,1,1_110,1,0,1,0,0,0,0,4,0,1.78,0.715,-0.066,0.760108,1,0.239892,inning_half_diff,exact,371,7
2025/4/3,バンテリンドーム,中日,巨人,home,石川　昂弥,4,5,田中　瑛斗,右,6,裏,1,5,1,4,-3,0,0,0,0,0,0_000,右安,単打,0,0,1,4,-3,0,100,0,0,1,0_100,0,1,0,0,0,0,0,0,0,0.365,0.675,0.31,0.09434,0.111111,0.016771,exact,exact,53,9
2025/4/3,バンテリンドーム,中日,巨人,home,石川　昂弥,4,5,船迫　大雅,右,7,裏,5,6,3,4,-1,2,10,0,1,0,2_010,四球,ボール,0,0,3,4,-1,2,110,0,1,1,2_110,1,1,0,0,0,0,0,0,0,0.276,0.368,0.093,0.111111,0.111111,0,exact,exact,18,9
2025/4/3,バンテリンドーム,巨人,中日,away,岡本　和真,4,3,藤嶋　健人,右,8,表,2,5,4,3,1,1,0,0,0,0,1_000,中安,単打,0,0,4,3,1,1,100,0,0,1,1_100,0,1,0,0,0,0,0,0,0,0.189,0.398,0.209,0.891667,0.83871,-0.052957,exact,exact,60,31
2025/4/3,バンテリンドーム,巨人,中日,away,岡本　和真,4,3,齋藤　綱記,左,9,表,5,5,5,3,2,2,110,0,1,1,2_110,中飛,凡打,0,0,5,3,2,3,110,0,1,1,3_000,1,0,1,0,0,0,0,0,0,0.368,0,-0.368,0.842105,0.846154,0.004049,exact,next_half_exact,19,91
2025/4/3,京セラD大阪,阪神,DeNA,home,森下　翔太,4,9,ケイ,左,1,裏,4,1,0,0,0,2,100,0,0,1,2_100,遊失,失策出塁,0,0,0,0,0,2,110,0,1,1,2_110,0,1,0,2,0,0,0,0,0,0.184,0.368,0.184,0.580882,0.551724,-0.029158,exact,exact,136,58
2025/4/3,京セラD大阪,DeNA,阪神,away,オースティン,4,3,デュプランティエ,右,2,表,1,2,0,0,0,0,0,0,0,0,0_000,左２,二塁打,0,0,0,0,0,0,10,0,1,0,0_010,0,2,0,0,0,0,0,0,0,0.365,0.958,0.593,0.46325,0.470588,0.007339,exact,exact,517,17
2025/4/3,京セラD大阪,阪神,DeNA,home,森下　翔太,4,9,ケイ,左,3,裏,4,4,0,0,0,1,110,0,1,1,1_110,空三振,空振り,0,0,0,0,0,2,110,0,1,1,2_110,1,0,1,0,0,0,0,0,0,0.715,0.368,-0.346,0.46875,0.375,-0.09375,exact,exact,16,28
2025/4/3,京セラD大阪,DeNA,阪神,away,オースティン,4,3,デュプランティエ,右,4,表,3,6,0,0,0,2,0,0,0,0,2_000,空三振,空振り,0,0,0,0,0,3,0,0,0,0,3_000,0,0,1,0,0,0,0,0,0,0.074,0,-0.074,0.466667,0.422566,-0.0441,exact,next_half_exact,150,226
2025/4/3,京セラD大阪,阪神,DeNA,home,森下　翔太,4,9,ケイ,左,6,裏,1,5,0,1,-1,0,0,0,0,0,0_000,二ゴロ,凡打,0,0,0,1,-1,1,0,0,0,0,1_000,0,0,1,0,0,0,0,0,0,0.365,0.189,-0.176,0.37963,0.272727,-0.106902,exact,exact,108,77
2025/4/3,京セラD大阪,DeNA,阪神,away,オースティン,4,3,及川　雅貴,左,7,表,1,7,1,0,1,0,0,0,0,0,0_000,四球,ボール,0,0,1,0,1,0,100,0,0,1,0_100,0,1,0,0,0,0,0,0,0,0.365,0.675,0.31,0.755682,0.789474,0.033792,exact,exact,88,19
2025/4/3,京セラD大阪,阪神,DeNA,home,森下　翔太,4,9,坂本　裕哉,左,8,裏,4,3,2,2,0,1,0,0,0,0,1_000,右飛,凡打,0,0,2,2,0,2,0,0,0,0,2_000,0,0,1,0,0,0,0,0,0,0.189,0.074,-0.115,0.556818,0.522059,-0.034759,exact,exact,88,68
2025/4/3,京セラD大阪,DeNA,阪神,away,オースティン,4,3,ゲラ,右,9,表,1,2,2,2,0,0,0,0,0,0,0_000,左飛,凡打,0,0,2,2,0,1,0,0,0,0,1_000,0,0,1,0,0,0,0,0,0,0.365,0.189,-0.176,0.535088,0.5,-0.035088,exact,exact,114,81
2025/4/3,楽天モバイル,西武,楽天,away,セデーニョ,4,10,岸　孝之,右,1,表,4,6,0,0,0,2,100,0,0,1,2_100,空三振,空振り,0,0,0,0,0,3,100,0,0,1,3_000,0,0,1,0,0,0,0,0,0,0.184,0,-0.184,0.455696,0.41018,-0.045517,exact,next_half_exact,158,668
2025/4/3,楽天モバイル,楽天,西武,home,辰己　涼介,4,8,上田　大河,右,1,裏,4,5,0,0,0,2,10,0,1,0,2_010,空三振,空振り,0,0,0,0,0,3,10,0,1,0,3_000,1,0,1,0,0,0,0,0,0,0.276,0,-0.276,0.538961,0.53675,-0.002211,exact,next_half_exact,77,517
2025/4/3,楽天モバイル,西武,楽天,away,セデーニョ,4,10,岸　孝之,右,4,表,3,3,0,0,0,1,100,0,0,1,1_100,中飛,凡打,0,0,0,0,0,2,100,0,0,1,2_100,0,0,1,0,0,0,0,0,0,0.398,0.184,-0.214,0.391304,0.375,-0.016304,exact,exact,69,72
2025/4/3,楽天モバイル,楽天,西武,home,辰己　涼介,4,8,上田　大河,右,4,裏,1,6,0,1,-1,0,0,0,0,0,0_000,左飛,凡打,0,0,0,1,-1,1,0,0,0,0,1_000,0,0,1,0,0,0,0,0,0,0.365,0.189,-0.176,0.390977,0.381443,-0.009534,exact,exact,133,97
2025/4/3,楽天モバイル,楽天,西武,home,辰己　涼介,4,8,羽田　慎之介,左,6,裏,2,3,0,1,-1,0,100,0,0,1,0_100,右安,単打,0,0,0,1,-1,0,110,0,1,1,0_110,0,1,0,2,0,0,0,0,0,0.675,1.189,0.514,0.58,0.372861,-0.207139,exact,inning_half_diff,25,409
2025/4/3,楽天モバイル,西武,楽天,away,セデーニョ,4,10,岸　孝之,右,7,表,1,6,1,3,-2,0,0,0,0,0,0_000,中飛,凡打,0,0,1,3,-2,1,0,0,0,0,1_000,0,0,1,0,0,0,0,0,0,0.365,0.189,-0.176,0.073684,0.075758,0.002073,exact,exact,95,66
2025/4/3,楽天モバイル,楽天,西武,home,辰己　涼介,4,8,山田　陽翔,右,7,裏,3,5,3,1,2,1,10,0,1,0,1_010,一ゴロ,凡打,0,0,3,1,2,2,1,1,0,0,2_001,1,0,1,0,0,3,0,0,0,0.568,0.287,-0.281,0.9,0.666667,-0.233333,exact,exact,20,6
2025/4/3,楽天モバイル,西武,楽天,away,セデーニョ,4,10,則本　昂大,右,9,表,2,6,1,4,-3,1,0,0,0,0,1_000,遊ゴロ,凡打,0,0,1,4,-3,2,0,0,0,0,2_000,0,0,1,0,0,0,0,0,0,0.189,0.074,-0.115,0,0,0,exact,exact,45,36
2025/4/3,ZOZOマリン,オリックス,ロッテ,away,杉本　裕太郎,4,10,石川　柊太,右,1,表,4,1,0,0,0,2,10,0,1,0,2_010,遊ゴロ,凡打,0,0,0,0,0,3,10,0,1,0,3_000,1,0,1,0,0,0,0,0,0,0.276,0,-0.276,0.414773,0.41018,-0.004593,exact,next_half_exact,88,668
2025/4/3,ZOZOマリン,ロッテ,オリックス,home,ソト,4,3,エスピノーザ,右,1,裏,4,1,0,0,0,2,100,0,0,1,2_100,右飛,凡打,0,0,0,0,0,3,100,0,0,1,3_000,0,0,1,0,0,0,0,0,0,0.184,0,-0.184,0.580882,0.53675,-0.044132,exact,next_half_exact,136,517
2025/4/3,ZOZOマリン,オリックス,ロッテ,away,杉本　裕太郎,4,10,高野　脩汰,左,3,表,3,3,0,0,0,2,0,0,0,0,2_000,中飛,凡打,0,0,0,0,0,3,0,0,0,0,3_000,0,0,1,0,0,0,0,0,0,0.074,0,-0.074,0.460396,0.459807,-0.000589,exact,next_half_exact,202,311
2025/4/3,ZOZOマリン,ロッテ,オリックス,home,ソト,4,3,エスピノーザ,右,4,裏,2,6,0,0,0,1,0,0,0,0,1_000,投ゴロ,凡打,0,0,0,0,0,2,0,0,0,0,2_000,0,0,1,0,0,0,0,0,0,0.189,0.074,-0.115,0.519608,0.487069,-0.032539,exact,exact,153,116
2025/4/3,ZOZOマリン,オリックス,ロッテ,away,杉本　裕太郎,4,10,高野　脩汰,左,5,表,4,1,0,0,0,2,10,0,1,0,2_010,三安,単打,0,0,0,0,0,2,101,1,0,1,2_101,1,1,0,0,0,3,0,0,0,0.276,0.431,0.155,0.375,0.75,0.375,exact,exact,24,12
2025/4/3,ZOZOマリン,ロッテ,オリックス,home,ソト,4,3,エスピノーザ,右,6,裏,5,2,0,2,-2,1,111,1,1,1,1_111,左安,単打,2,2,2,2,0,1,110,0,1,1,1_110,1,1,0,2,0,4,0,4,0,1.328,0.715,1.387,0.6,0.470588,-0.129412,exact,exact,5,17
2025/4/3,ZOZOマリン,オリックス,ロッテ,away,杉本　裕太郎,4,10,鈴木　昭汰,左,7,表,2,4,2,2,0,0,100,0,0,1,0_100,空三振,空振り,0,0,2,2,0,1,100,0,0,1,1_100,0,0,1,0,0,0,0,0,0,0.675,0.398,-0.278,0.428571,0.602564,0.173993,exact,exact,28,39
2025/4/3,ZOZOマリン,オリックス,ロッテ,away,杉本　裕太郎,4,10,ゲレーロ,右,8,表,5,3,3,2,1,2,10,0,1,0,2_010,右飛,凡打,0,0,3,2,1,3,10,0,1,0,3_000,1,0,1,0,0,0,0,0,0,0.276,0,-0.276,1,0.822917,-0.177083,exact,next_half_exact,17,96
2025/4/3,ZOZOマリン,ロッテ,オリックス,home,ソト,4,3,ペルドモ,右,8,裏,2,2,2,3,-1,1,0,0,0,0,1_000,中安,単打,0,0,2,3,-1,1,100,0,0,1,1_100,0,1,0,0,0,0,0,0,0,0.189,0.398,0.209,0.176471,0.125,-0.051471,exact,exact,68,24
2025/4/4,東京ドーム,阪神,巨人,away,森下　翔太,4,9,戸郷　翔征,右,1,表,4,5,0,0,0,1,11,1,1,0,1_011,中犠飛,犠飛,1,1,1,0,1,2,10,0,1,0,2_010,1,0,1,0,0,0,0,4,0,1.295,0.276,-0.019,0.705882,0.675,-0.030882,exact,exact,17,20
2025/4/4,東京ドーム,巨人,阪神,home,岡本　和真,4,3,村上　頌樹,右,1,裏,4,2,1,1,0,1,10,0,1,0,1_010,遊ゴロ,凡打,0,0,1,1,0,2,10,0,1,0,2_010,1,0,1,0,0,0,0,0,0,0.568,0.276,-0.293,0.611111,0.538961,-0.07215,exact,exact,90,77
2025/4/4,東京ドーム,阪神,巨人,away,森下　翔太,4,9,戸郷　翔征,右,3,表,3,2,1,1,0,1,10,0,1,0,1_010,三邪飛,邪飛,0,0,1,1,0,2,10,0,1,0,2_010,1,0,1,0,0,0,0,0,0,0.568,0.276,-0.293,0.461538,0.542373,0.080834,exact,exact,39,59
2025/4/4,東京ドーム,巨人,阪神,home,岡本　和真,4,3,村上　頌樹,右,4,裏,2,4,1,3,-2,1,0,0,0,0,1_000,中飛,凡打,0,0,1,3,-2,2,0,0,0,0,2_000,0,0,1,0,0,0,0,0,0,0.189,0.074,-0.115,0.268657,0.218182,-0.050475,exact,exact,67,55
2025/4/4,東京ドーム,阪神,巨人,away,森下　翔太,4,9,横川　凱,左,5,表,1,2,3,1,2,0,0,0,0,0,0_000,一ゴロ,凡打,0,0,3,1,2,1,0,0,0,0,1_000,0,0,1,0,0,0,0,0,0,0.365,0.189,-0.176,0.761111,0.701613,-0.059498,exact,exact,90,62
2025/4/4,東京ドーム,阪神,巨人,away,森下　翔太,4,9,堀田　賢慎,右,7,表,3,4,3,1,2,1,100,0,0,1,1_100,右安,単打,0,0,3,1,2,1,110,0,1,1,1_110,0,1,0,2,0,0,0,0,0,0.398,0.715,0.317,0.933333,0.849003,-0.08433,exact,inning_half_diff,15,351
2025/4/4,東京ドーム,巨人,阪神,home,岡本　和真,4,3,村上　頌樹,右,7,裏,1,5,1,6,-5,0,0,0,0,0,0_000,左２,二塁打,0,0,1,6,-5,0,10,0,1,0,0_010,0,2,0,0,0,0,0,0,0,0.365,0.958,0.593,0.052632,0.037736,-0.014896,exact,inning_half_diff,38,159
2025/4/4,東京ドーム,阪神,巨人,away,森下　翔太,4,9,堀田　賢慎,右,8,表,5,1,7,1,6,2,100,0,0,1,2_100,左飛,凡打,0,0,7,1,6,3,100,0,0,1,3_000,0,0,1,0,0,0,0,0,0,0.184,0,-0.184,0.8,0.96,0.16,exact,next_half_exact,5,25
2025/4/4,東京ドーム,巨人,阪神,home,岡本　和真,4,3,石井　大智,右,9,裏,2,5,1,7,-6,1,0,0,0,0,1_000,空三振,空振り,0,0,1,7,-6,2,0,0,0,0,2_000,0,0,1,0,0,0,0,0,0,0.189,0.074,-0.115,0,0,0,exact,exact,18,14
2025/4/4,神宮,中日,ヤクルト,away,石川　昂弥,4,5,高梨　裕稔,右,2,表,1,2,0,0,0,0,0,0,0,0,0_000,死球,死球,0,0,0,0,0,0,100,0,0,1,0_100,0,1,0,0,0,0,0,0,0,0.365,0.675,0.31,0.46325,0.574074,0.110825,exact,exact,517,108
2025/4/4,神宮,ヤクルト,中日,home,サンタナ,4,7,髙橋　宏斗,右,2,裏,1,7,0,1,-1,0,0,0,0,0,0_000,空三振,空振り,0,0,0,1,-1,1,0,0,0,0,1_000,0,0,1,0,0,0,0,0,0,0.365,0.189,-0.176,0.488095,0.412791,-0.075305,exact,exact,126,86
2025/4/4,神宮,中日,ヤクルト,away,石川　昂弥,4,5,高梨　裕稔,右,4,表,1,4,1,0,1,0,0,0,0,0,0_000,遊飛,凡打,0,0,1,0,1,1,0,0,0,0,1_000,0,0,1,0,0,0,0,0,0,0.365,0.189,-0.176,0.675676,0.653333,-0.022342,exact,exact,111,75
2025/4/4,神宮,ヤクルト,中日,home,サンタナ,4,7,髙橋　宏斗,右,5,裏,1,3,0,1,-1,0,0,0,0,0,0_000,三安,単打,0,0,0,1,-1,0,100,0,0,1,0_100,0,1,0,0,0,0,0,0,0,0.365,0.675,0.31,0.371901,0.347826,-0.024075,exact,exact,121,23
2025/4/4,神宮,中日,ヤクルト,away,石川　昂弥,4,5,高梨　裕稔,右,6,表,4,4,1,0,1,2,1,1,0,0,2_001,空三振,空振り,0,0,1,0,1,3,1,1,0,0,3_000,1,0,1,0,0,0,0,0,0,0.287,0,-0.287,0.65,0.62037,-0.02963,exact,next_half_exact,10,108
2025/4/4,神宮,ヤクルト,中日,home,サンタナ,4,7,髙橋　宏斗,右,7,裏,3,6,0,1,-1,1,100,0,0,1,1_100,見三振,見逃し,0,0,0,1,-1,2,100,0,0,1,2_100,0,0,1,0,0,0,0,0,0,0.398,0.184,-0.214,0.21875,0.214286,-0.004464,exact,exact,16,21
2025/4/4,神宮,中日,ヤクルト,away,石川　昂弥,4,5,石山　泰稚,右,9,表,1,6,1,1,0,0,0,0,0,0,0_000,空三振,空振り,0,0,1,1,0,1,0,0,0,0,1_000,0,0,1,0,0,0,0,0,0,0.365,0.189,-0.176,0.535088,0.5,-0.035088,exact,exact,114,81
2025/4/4,神宮,ヤクルト,中日,home,サンタナ,4,7,清水　達也,右,9,裏,2,6,1,1,0,1,0,0,0,0,1_000,四球,ボール,0,0,1,1,0,1,100,0,0,1,1_100,0,1,0,0,0,0,0,0,0,0.189,0.398,0.209,0.538462,0.592593,0.054131,exact,exact,78,27
2025/4/4,神宮,中日,ヤクルト,away,山本　泰寛,4,0,木澤　尚文,右,11,表,3,2,1,1,0,0,110,0,1,1,0_110,一犠打,犠打,0,0,1,1,0,1,11,1,1,0,1_011,1,0,1,2,0,3,0,0,0,1.189,1.295,0.106,0.46,0.46,0,inning_half_diff,inning_half_diff,225,225
2025/4/4,神宮,ヤクルト,中日,home,岩田　幸宏,4,7,勝野　昌慶,右,11,裏,2,6,1,1,0,1,0,0,0,0,1_000,三ゴロ,凡打,0,0,1,1,0,2,0,0,0,0,2_000,0,0,1,0,0,0,0,0,0,0.189,0.074,-0.115,0.651515,0.625,-0.026515,exact,exact,33,24
2025/4/4,マツダスタジアム,DeNA,広島,away,オースティン,4,3,森下　暢仁,右,1,表,4,4,0,0,0,2,10,0,1,0,2_010,投ゴロ,凡打,0,0,0,0,0,3,10,0,1,0,3_000,1,0,1,0,0,0,0,0,0,0.276,0,-0.276,0.414773,0.41018,-0.004593,exact,next_half_exact,88,668
2025/4/4,マツダスタジアム,広島,DeNA,home,堂林　翔太,4,3,石田　裕太郎,右,2,裏,1,3,0,0,0,0,0,0,0,0,0_000,遊ゴロ,凡打,0,0,0,0,0,1,0,0,0,0,1_000,0,0,1,0,0,0,0,0,0,0.365,0.189,-0.176,0.553215,0.505068,-0.048148,exact,exact,451,296
2025/4/4,マツダスタジアム,DeNA,広島,away,オースティン,4,3,森下　暢仁,右,4,表,1,2,2,0,2,0,0,0,0,0,0_000,右飛,凡打,0,0,2,0,2,1,0,0,0,0,1_000,0,0,1,0,0,0,0,0,0,0.365,0.189,-0.176,0.755814,0.701493,-0.054321,exact,exact,86,67
2025/4/4,マツダスタジアム,広島,DeNA,home,堂林　翔太,4,3,石田　裕太郎,右,4,裏,4,2,0,2,-2,2,100,0,0,1,2_100,左２,二塁打,0,0,0,2,-2,2,11,1,1,0,2_011,0,2,0,3,0,0,0,0,0,0.184,0.448,0.264,0.38,0.34399,-0.03601,exact,inning_half_diff,25,391
2025/4/4,マツダスタジアム,広島,DeNA,home,堂林　翔太,4,3,佐々木　千隼,右,5,裏,5,4,4,2,2,2,1,1,0,0,2_001,四球,ボール,0,0,4,2,2,2,101,1,0,1,2_101,1,1,0,0,0,0,0,0,0,0.287,0.431,0.143,0.666667,0.875,0.208333,exact,exact,6,8
2025/4/4,マツダスタジアム,DeNA,広島,away,オースティン,4,3,森下　暢仁,右,6,表,3,1,2,4,-2,2,0,0,0,0,2_000,左飛,凡打,0,0,2,4,-2,3,0,0,0,0,3_000,0,0,1,0,0,0,0,0,0,0.074,0,-0.074,0.112069,0.058824,-0.053245,exact,next_half_exact,58,85
2025/4/4,マツダスタジアム,広島,DeNA,home,堂林　翔太,4,3,颯,右,6,裏,8,5,7,2,5,1,111,1,1,1,1_111,三ゴロ,凡打,1,1,8,2,6,2,11,1,1,0,2_011,1,0,1,2,0,3,0,4,0,1.328,0.448,0.12,0.968254,1,0.031746,inning_half_diff,inning_half_diff,126,35
2025/4/4,マツダスタジアム,広島,DeNA,home,堂林　翔太,4,3,堀岡　隼人,右,8,裏,1,5,8,2,6,0,0,0,0,0,0_000,見三振,見逃し,0,0,8,2,6,1,0,0,0,0,1_000,0,0,1,0,0,0,0,0,0,0.365,0.189,-0.176,1,1,0,exact,exact,15,11
2025/4/4,マツダスタジアム,DeNA,広島,away,オースティン,4,3,中﨑　翔太,右,9,表,2,2,2,8,-6,0,100,0,0,1,0_100,三併打,凡打,0,0,2,8,-6,2,0,0,0,0,2_000,0,0,1,0,1,0,0,0,0,0.675,0.074,-0.602,0,0,0,exact,exact,7,11