球団,日付,選手名,得点,raw
DeNA,2025-03-29,牧 秀悟,4.0,DB 4 - 3 C
DeNA,2025-03-29,牧 秀悟,1.0,D 11 - 1 DB
DeNA,2025-03-30,牧 秀悟,6.0,DB 6 - 1 C
DeNA,2025-03-30,牧 秀悟,2.0,D 1 - 2 DB
DeNA,2025-03-31,牧 秀悟,1.0,DB 1 - 5 C
DeNA,2025-04-02,牧 秀悟,5.0,T 3 - 5 DB
DeNA,2025-04-03,牧 秀悟,2.0,T 5 - 2 DB
DeNA,2025-04-04,牧 秀悟,3.0,T 2 - 3 DB
DeNA,2025-04-05,牧 秀悟,2.0,G 1 - 2 DB
DeNA,2025-04-06,牧 秀悟,6.0,G 4 - 6 DB
DeNA,2025-04-07,牧 秀悟,0.0,G 3 - 0 DB
DeNA,2025-04-09,牧 秀悟,1.0,DB 1 - 3 D
DeNA,2025-04-10,牧 秀悟,1.0,DB 1 - 6 D
DeNA,2025-04-12,牧 秀悟,3.0,DB 3 - 1 S
DeNA,2025-04-13,牧 秀悟,2.0,DB 2 - 5 S
DeNA,2025-04-14,牧 秀悟,0.0,DB 0 - 9 S
DeNA,2025-04-16,牧 秀悟,2.0,C 11 - 2 DB
DeNA,2025-04-17,牧 秀悟,1.0,C 5 - 1 DB
DeNA,2025-04-19,牧 秀悟,3.0,S 4 - 3 DB
DeNA,2025-04-20,牧 秀悟,7.0,S 4 - 7 DB
DeNA,2025-04-21,牧 秀悟,8.0,S 3 - 8 DB
DeNA,2025-04-23,牧 秀悟,1.0,DB 1 - 1 T
DeNA,2025-04-24,牧 秀悟,3.0,DB 3 - 5 T
DeNA,2025-04-26,牧 秀悟,7.0,DB 7 - 2 G
DeNA,2025-04-27,牧 秀悟,1.0,DB 1 - 2 G
DeNA,2025-04-28,牧 秀悟,,
DeNA,2025-04-29,牧 秀悟,,
DeNA,2025-04-30,牧 秀悟,,
DeNA,2025-05-01,牧 秀悟,12.0,D 1 - 12 DB
DeNA,2025-05-03,牧 秀悟,2.0,C 0 - 2 DB
DeNA,2025-05-04,牧 秀悟,1.0,C 4 - 1 DB
DeNA,2025-05-05,牧 秀悟,5.0,C 0 - 5 DB
DeNA,2025-05-06,牧 秀悟,6.0,DB 6 - 5 S
DeNA,2025-05-08,牧 秀悟,2.0,DB 2 - 6 S
DeNA,2025-05-10,牧 秀悟,3.0,DB 3 - 4 T
DeNA,2025-05-11,牧 秀悟,11.0,DB 11 - 9 T
DeNA,2025-05-12,牧 秀悟,0.0,DB 0 - 1 T
DeNA,2025-05-14,牧 秀悟,1.0,G 2 - 1 DB
DeNA,2025-05-15,牧 秀悟,0.0,G 4 - 0 DB
DeNA,2025-05-17,牧 秀悟,2.0,DB 2 - 1 D
DeNA,2025-05-18,牧 秀悟,3.0,DB 3 - 2 D
DeNA,2025-06-02,牧 秀悟,2.0,F 9 - 2 DB
DeNA,2025-06-09,牧 秀悟,8.0,DB 8 - 5 H
DeNA,2025-06-11,牧 秀悟,4.0,M 0 - 4 DB
DeNA,2025-06-12,牧 秀悟,13.0,M 3 - 13 DB
DeNA,2025-06-13,牧 秀悟,3.0,M 1 - 3 DB
DeNA,2025-06-14,牧 秀悟,5.0,L 1 - 5 DB
DeNA,2025-06-15,牧 秀悟,4.0,L 0 - 4 DB
DeNA,2025-06-16,牧 秀悟,5.0,L 0 - 5 DB
DeNA,2025-06-21,牧 秀悟,0.0,T 1 - 0 DB
DeNA,2025-06-22,牧 秀悟,5.0,T 2 - 5 DB
DeNA,2025-06-25,牧 秀悟,2.0,DB 2 - 3 G
DeNA,2025-06-27,牧 秀悟,5.0,DB 5 - 4 G
DeNA,2025-06-28,牧 秀悟,5.0,D 1 - 5 DB
DeNA,2025-06-29,牧 秀悟,5.0,D 1 - 5 DB
DeNA,2025-06-30,牧 秀悟,0.0,D 3 - 0 DB
DeNA,2025-07-02,牧 秀悟,6.0,DB 6 - 4 S
DeNA,2025-07-03,牧 秀悟,3.0,DB 3 - 5 S
DeNA,2025-07-04,牧 秀悟,3.0,DB 3 - 0 S
DeNA,2025-07-05,牧 秀悟,2.0,T 1 - 2 DB
DeNA,2025-07-06,牧 秀悟,1.0,T 2 - 1 DB
DeNA,2025-07-07,牧 秀悟,5.0,T 6 - 5 DB
DeNA,2025-07-09,牧 秀悟,6.0,DB 6 - 5 D
DeNA,2025-07-10,牧 秀悟,3.0,DB 3 - 0 D
DeNA,2025-07-11,牧 秀悟,3.0,DB 3 - 2 D
DeNA,2025-07-12,牧 秀悟,2.0,G 3 - 2 DB
DeNA,2025-07-13,牧 秀悟,1.0,G 6 - 1 DB
DeNA,2025-07-14,牧 秀悟,6.0,G 0 - 6 DB
DeNA,2025-07-15,牧 秀悟,6.0,DB 6 - 1 C
DeNA,2025-07-17,牧 秀悟,0.0,DB 0 - 3 C
DeNA,2025-07-19,牧 秀悟,8.0,S 7 - 8 DB
DeNA,2025-07-20,牧 秀悟,4.0,S 6 - 4 DB
DeNA,2025-07-21,牧 秀悟,7.0,S 8 - 7 DB
DeNA,2025-07-26,牧 秀悟,2.0,DB 2 - 5 G
DeNA,2025-07-27,牧 秀悟,1.0,DB 1 - 2 G
DeNA,2025-07-28,牧 秀悟,0.0,DB 0 - 6 G
DeNA,2025-07-30,牧 秀悟,3.0,C 6 - 3 DB
DeNA,2025-07-31,牧 秀悟,1.0,C 2 - 1 DB
DeNA,2025-08-01,牧 秀悟,1.0,C 2 - 1 DB
DeNA,2025-09-29,牧 秀悟,6.0,T 7 - 6 DB
DeNA,2025-10-06,牧 秀悟,2.0,D 0 - 2 DB
オリックス,2025-08-22,杉本 裕太郎,1.0,L 2 - 1 B
オリックス,2025-08-23,杉本 裕太郎,1.0,B 1 - 0 M
オリックス,2025-09-11,杉本 裕太郎,3.0,B 3 - 12 M
オリックス,2025-09-30,杉本 裕太郎,0.0,H 1 - 0 B
ソフトバンク,2025-03-29,山川 穂高,3.0,B 1 - 3 H
ソフトバンク,2025-03-29,山川 穂高,5.0,H 5 - 4 L
ソフトバンク,2025-03-30,山川 穂高,0.0,B 2 - 0 H
ソフトバンク,2025-03-30,山川 穂高,8.0,H 8 - 0 E
ソフトバンク,2025-03-31,山川 穂高,5.0,B 2 - 5 H
ソフトバンク,2025-04-02,山川 穂高,2.0,H 2 - 0 M
ソフトバンク,2025-04-03,山川 穂高,2.0,H 2 - 4 M
ソフトバンク,2025-04-04,山川 穂高,8.0,H 8 - 1 M
ソフトバンク,2025-04-05,山川 穂高,6.0,E 1 - 6 H
ソフトバンク,2025-04-06,山川 穂高,5.0,E 4 - 5 H
ソフトバンク,2025-04-07,山川 穂高,2.0,E 3 - 2 H
ソフトバンク,2025-04-09,山川 穂高,2.0,H 2 - 4 F
ソフトバンク,2025-04-11,山川 穂高,6.0,H 6 - 3 F
ソフトバンク,2025-04-12,山川 穂高,2.0,L 1 - 2 H
ソフトバンク,2025-04-13,山川 穂高,11.0,L 2 - 11 H
ソフトバンク,2025-04-14,山川 穂高,4.0,L 1 - 4 H
ソフトバンク,2025-04-16,山川 穂高,1.0,F 5 - 1 H
ソフトバンク,2025-04-17,山川 穂高,4.0,F 4 - 4 H
ソフトバンク,2025-04-19,山川 穂高,9.0,H 9 - 7 B
ソフトバンク,2025-04-20,山川 穂高,3.0,H 3 - 3 B
ソフトバンク,2025-04-21,山川 穂高,1.0,H 1 - 3 B
ソフトバンク,2025-04-23,山川 穂高,4.0,M 2 - 4 H
ソフトバンク,2025-04-24,山川 穂高,10.0,M 1 - 10 H
ソフトバンク,2025-04-25,山川 穂高,6.0,M 0 - 6 H
ソフトバンク,2025-04-27,山川 穂高,2.0,H 2 - 1 L
ソフトバンク,2025-04-28,山川 穂高,,
ソフトバンク,2025-04-29,山川 穂高,,
ソフトバンク,2025-04-30,山川 穂高,,
ソフトバンク,2025-05-01,山川 穂高,3.0,H 3 - 4 E
ソフトバンク,2025-05-03,山川 穂高,0.0,L 1 - 0 H
ソフトバンク,2025-05-04,山川 穂高,4.0,L 5 - 4 H
ソフトバンク,2025-05-05,山川 穂高,4.0,L 0 - 4 H
ソフトバンク,2025-05-06,山川 穂高,9.0,H 9 - 4 F
ソフトバンク,2025-05-07,山川 穂高,2.0,H 2 - 1 F
ソフトバンク,2025-05-08,山川 穂高,3.0,H 3 - 1 F
ソフトバンク,2025-05-11,山川 穂高,4.0,H 4 - 1 B
ソフトバンク,2025-05-14,山川 穂高,1.0,E 4 - 1 H
ソフトバンク,2025-05-15,山川 穂高,7.0,E 3 - 7 H
ソフトバンク,2025-05-17,山川 穂高,6.0,H 6 - 2 L
ソフトバンク,2025-05-18,山川 穂高,3.0,H 3 - 2 L
ソフトバンク,2025-05-19,山川 穂高,2.0,H 2 - 1 L
ソフトバンク,2025-05-21,山川 穂高,21.0,H 21 - 0 E
ソフトバンク,2025-05-22,山川 穂高,12.0,H 12 - 0 E
ソフトバンク,2025-05-24,山川 穂高,1.0,M 3 - 1 H
ソフトバンク,2025-05-25,山川 穂高,0.0,M 2 - 0 H
ソフトバンク,2025-05-26,山川 穂高,1.0,M 7 - 1 H
ソフトバンク,2025-05-28,山川 穂高,2.0,G 0 - 2 H
ソフトバンク,2025-05-29,山川 穂高,0.0,G 1 - 0 H
ソフトバンク,2025-05-30,山川 穂高,5.0,G 6 - 5 H
ソフトバンク,2025-05-31,山川 穂高,2.0,H 2 - 1 C
ソフトバンク,2025-06-01,山川 穂高,2.0,H 2 - 0 C
ソフトバンク,2025-06-02,山川 穂高,5.0,H 5 - 3 C
ソフトバンク,2025-06-04,山川 穂高,3.0,D 2 - 3 H
ソフトバンク,2025-06-05,山川 穂高,5.0,D 1 - 5 H
ソフトバンク,2025-06-06,山川 穂高,0.0,D 3 - 0 H
ソフトバンク,2025-06-07,山川 穂高,10.0,DB 1 - 10 H
ソフトバンク,2025-06-08,山川 穂高,5.0,DB 3 - 5 H
ソフトバンク,2025-06-09,山川 穂高,5.0,DB 8 - 5 H
ソフトバンク,2025-06-11,山川 穂高,4.0,H 4 - 2 S
ソフトバンク,2025-06-12,山川 穂高,3.0,H 3 - 9 S
ソフトバンク,2025-06-13,山川 穂高,6.0,H 6 - 3 S
ソフトバンク,2025-06-14,山川 穂高,2.0,H 2 - 0 T
ソフトバンク,2025-06-15,山川 穂高,6.0,H 6 - 2 T
ソフトバンク,2025-06-16,山川 穂高,1.0,H 1 - 4 T
ソフトバンク,2025-06-21,山川 穂高,9.0,H 9 - 4 M
ソフトバンク,2025-06-22,山川 穂高,3.0,H 3 - 1 M
ソフトバンク,2025-06-23,山川 穂高,6.0,H 6 - 6 M
ソフトバンク,2025-06-25,山川 穂高,7.0,B 2 - 7 H
ソフトバンク,2025-06-26,山川 穂高,5.0,B 1 - 5 H
ソフトバンク,2025-06-27,山川 穂高,1.0,B 3 - 1 H
ソフトバンク,2025-06-28,山川 穂高,5.0,F 1 - 5 H
ソフトバンク,2025-06-29,山川 穂高,7.0,F 1 - 7 H
ソフトバンク,2025-06-30,山川 穂高,10.0,F 3 - 10 H
ソフトバンク,2025-07-02,山川 穂高,3.0,H 3 - 2 L
ソフトバンク,2025-07-04,山川 穂高,0.0,H 0 - 4 L
ソフトバンク,2025-07-05,山川 穂高,1.0,H 1 - 5 E
ソフトバンク,2025-07-06,山川 穂高,0.0,H 0 - 4 E
ソフトバンク,2025-07-07,山川 穂高,5.0,H 5 - 3 E
ソフトバンク,2025-07-09,山川 穂高,0.0,B 3 - 0 H
ソフトバンク,2025-07-10,山川 穂高,3.0,B 4 - 3 H
ソフトバンク,2025-07-12,山川 穂高,5.0,F 4 - 5 H
ソフトバンク,2025-07-13,山川 穂高,2.0,F 3 - 2 H
ソフトバンク,2025-07-14,山川 穂高,1.0,F 3 - 1 H
ソフトバンク,2025-07-15,山川 穂高,5.0,H 5 - 8 M
ソフトバンク,2025-07-16,山川 穂高,4.0,H 4 - 1 M
ソフトバンク,2025-07-17,山川 穂高,6.0,H 6 - 4 M
ソフトバンク,2025-07-19,山川 穂高,4.0,L 0 - 4 H
ソフトバンク,2025-07-20,山川 穂高,3.0,L 5 - 3 H
ソフトバンク,2025-07-21,山川 穂高,1.0,L 0 - 1 H
ソフトバンク,2025-07-26,山川 穂高,5.0,H 5 - 1 B
ソフトバンク,2025-07-27,山川 穂高,3.0,H 3 - 0 B
ソフトバンク,2025-07-28,山川 穂高,4.0,H 4 - 1 B
ソフトバンク,2025-07-30,山川 穂高,10.0,E 1 - 10 H
ソフトバンク,2025-07-31,山川 穂高,2.0,E 3 - 2 H
ソフトバンク,2025-08-01,山川 穂高,7.0,E 0 - 7 H
ソフトバンク,2025-08-02,山川 穂高,6.0,H 6 - 4 F
ソフトバンク,2025-08-03,山川 穂高,7.0,H 7 - 8 F
ソフトバンク,2025-08-04,山川 穂高,3.0,H 3 - 2 F
ソフトバンク,2025-08-06,山川 穂高,6.0,M 4 - 6 H
ソフトバンク,2025-08-07,山川 穂高,2.0,M 6 - 2 H
ソフトバンク,2025-08-08,山川 穂高,6.0,M 3 - 6 H
ソフトバンク,2025-08-10,山川 穂高,6.0,H 6 - 13 E
ソフトバンク,2025-08-11,山川 穂高,5.0,H 5 - 2 E
ソフトバンク,2025-08-12,山川 穂高,14.0,H 14 - 4 E
ソフトバンク,2025-08-13,山川 穂高,6.0,L 1 - 6 H
ソフトバンク,2025-08-14,山川 穂高,1.0,L 4 - 1 H
ソフトバンク,2025-08-15,山川 穂高,9.0,L 2 - 9 H
ソフトバンク,2025-08-16,山川 穂高,4.0,H 4 - 0 M
ソフトバンク,2025-08-17,山川 穂高,2.0,H 2 - 5 M
ソフトバンク,2025-08-18,山川 穂高,2.0,H 2 - 1 M
ソフトバンク,2025-08-20,山川 穂高,0.0,E 3 - 0 H
ソフトバンク,2025-08-21,山川 穂高,1.0,E 2 - 1 H
ソフトバンク,2025-08-23,山川 穂高,6.0,F 5 - 6 H
ソフトバンク,2025-08-24,山川 穂高,1.0,F 6 - 1 H
ソフトバンク,2025-08-25,山川 穂高,3.0,F 5 - 3 H
ソフトバンク,2025-08-27,山川 穂高,3.0,H 3 - 1 B
ソフトバンク,2025-08-28,山川 穂高,1.0,H 1 - 4 B
ソフトバンク,2025-08-30,山川 穂高,2.0,M 6 - 2 H
ソフトバンク,2025-08-31,山川 穂高,4.0,M 1 - 4 H
ソフトバンク,2025-09-01,山川 穂高,10.0,M 2 - 10 H
ソフトバンク,2025-09-03,山川 穂高,3.0,H 3 - 6 F
ソフトバンク,2025-09-04,山川 穂高,5.0,H 5 - 8 F
ソフトバンク,2025-09-06,山川 穂高,0.0,H 0 - 1 L
ソフトバンク,2025-09-07,山川 穂高,2.0,H 2 - 3 L
ソフトバンク,2025-09-08,山川 穂高,3.0,H 3 - 1 L
ソフトバンク,2025-09-10,山川 穂高,4.0,E 1 - 4 H
ソフトバンク,2025-09-11,山川 穂高,9.0,E 2 - 9 H
ソフトバンク,2025-09-13,山川 穂高,8.0,B 3 - 8 H
ソフトバンク,2025-09-14,山川 穂高,10.0,B 1 - 10 H
ソフトバンク,2025-09-15,山川 穂高,3.0,B 0 - 3 H
ソフトバンク,2025-09-16,山川 穂高,1.0,B 0 - 1 H
ソフトバンク,2025-09-17,山川 穂高,2.0,H 2 - 3 F
ソフトバンク,2025-09-18,山川 穂高,0.0,H 0 - 3 F
ソフトバンク,2025-09-20,山川 穂高,4.0,H 4 - 0 B
ソフトバンク,2025-09-21,山川 穂高,3.0,H 3 - 2 E
ソフトバンク,2025-09-22,山川 穂高,11.0,H 11 - 5 E
ソフトバンク,2025-09-23,山川 穂高,9.0,B 4 - 9 H
ソフトバンク,2025-09-25,山川 穂高,2.0,H 2 - 0 L
ソフトバンク,2025-09-26,山川 穂高,2.0,H 2 - 4 L
ソフトバンク,2025-09-28,山川 穂高,6.0,F 7 - 6 H
ソフトバンク,2025-09-29,山川 穂高,6.0,F 2 - 6 H
ソフトバンク,2025-09-30,山川 穂高,1.0,H 1 - 0 B
ソフトバンク,2025-10-01,山川 穂高,8.0,H 8 - 6 B
ソフトバンク,2025-10-03,山川 穂高,4.0,H 4 - 2 E
ソフトバンク,2025-10-04,山川 穂高,1.0,H 1 - 0 M
ヤクルト,2025-07-10,オスナ,1.0,T 4 - 1 S
中日,2025-04-07,細川 成也,1.0,C 0 - 1 D
中日,2025-04-19,細川 成也,0.0,T 7 - 0 D
中日,2025-05-01,細川 成也,1.0,D 1 - 12 DB
中日,2025-05-05,細川 成也,6.0,S 3 - 6 D
中日,2025-05-06,細川 成也,2.0,D 2 - 0 G
中日,2025-05-07,細川 成也,0.0,D 0 - 2 G
中日,2025-05-08,細川 成也,1.0,D 1 - 4 G
中日,2025-05-10,細川 成也,3.0,C 6 - 3 D
中日,2025-05-11,細川 成也,4.0,C 0 - 4 D
中日,2025-05-14,細川 成也,4.0,D 4 - 2 T
中日,2025-05-15,細川 成也,0.0,D 0 - 1 T
中日,2025-05-16,細川 成也,4.0,D 4 - 9 T
中日,2025-05-17,細川 成也,1.0,DB 2 - 1 D
中日,2025-05-18,細川 成也,2.0,DB 3 - 2 D
中日,2025-05-19,細川 成也,3.0,DB 2 - 3 D
中日,2025-05-21,細川 成也,1.0,G 1 - 1 D
中日,2025-05-22,細川 成也,4.0,G 2 - 4 D
中日,2025-05-24,細川 成也,2.0,D 2 - 5 S
中日,2025-05-25,細川 成也,1.0,D 1 - 0 S
中日,2025-05-26,細川 成也,5.0,D 5 - 0 S
中日,2025-05-28,細川 成也,3.0,D 3 - 0 L
中日,2025-05-29,細川 成也,0.0,D 0 - 1 L
中日,2025-05-30,細川 成也,0.0,D 0 - 3 L
中日,2025-05-31,細川 成也,1.0,B 2 - 1 D
中日,2025-06-01,細川 成也,2.0,B 1 - 2 D
中日,2025-06-02,細川 成也,2.0,B 1 - 2 D
中日,2025-06-04,細川 成也,2.0,D 2 - 3 H
中日,2025-06-05,細川 成也,1.0,D 1 - 5 H
中日,2025-06-06,細川 成也,3.0,D 3 - 0 H
中日,2025-06-07,細川 成也,0.0,D 0 - 2 E
中日,2025-06-08,細川 成也,2.0,D 2 - 7 E
中日,2025-06-09,細川 成也,3.0,D 3 - 1 E
中日,2025-06-11,細川 成也,4.0,F 0 - 4 D
中日,2025-06-12,細川 成也,0.0,F 7 - 0 D
中日,2025-06-13,細川 成也,4.0,F 9 - 4 D
中日,2025-06-14,細川 成也,4.0,M 3 - 4 D
中日,2025-06-15,細川 成也,0.0,M 10 - 0 D
中日,2025-06-16,細川 成也,2.0,M 7 - 2 D
中日,2025-06-21,細川 成也,1.0,D 1 - 0 C
中日,2025-06-22,細川 成也,1.0,D 1 - 3 C
中日,2025-06-23,細川 成也,2.0,D 2 - 1 C
中日,2025-06-25,細川 成也,1.0,T 0 - 1 D
中日,2025-06-26,細川 成也,1.0,T 1 - 1 D
中日,2025-06-27,細川 成也,1.0,T 8 - 1 D
中日,2025-07-06,細川 成也,2.0,D 2 - 1 C
中日,2025-07-07,細川 成也,2.0,D 2 - 1 C
中日,2025-07-09,細川 成也,5.0,DB 6 - 5 D
中日,2025-07-10,細川 成也,0.0,DB 3 - 0 D
中日,2025-07-11,細川 成也,2.0,DB 3 - 2 D
中日,2025-07-28,細川 成也,3.0,T 4 - 3 D
中日,2025-07-30,細川 成也,6.0,D 6 - 0 S
中日,2025-07-31,細川 成也,1.0,D 1 - 0 S
中日,2025-08-01,細川 成也,3.0,D 3 - 2 S
中日,2025-08-02,細川 成也,0.0,C 1 - 0 D
中日,2025-08-03,細川 成也,1.0,C 4 - 1 D
中日,2025-08-04,細川 成也,4.0,C 6 - 4 D
中日,2025-08-06,細川 成也,6.0,D 6 - 2 DB
中日,2025-08-07,細川 成也,0.0,D 0 - 0 DB
中日,2025-08-08,細川 成也,2.0,D 2 - 4 DB
中日,2025-08-09,細川 成也,9.0,D 9 - 2 G
中日,2025-08-10,細川 成也,0.0,D 0 - 2 G
中日,2025-08-11,細川 成也,1.0,D 1 - 3 G
中日,2025-08-12,細川 成也,4.0,S 5 - 4 D
中日,2025-08-13,細川 成也,5.0,S 4 - 5 D
中日,2025-08-14,細川 成也,6.0,S 7 - 6 D
中日,2025-08-16,細川 成也,2.0,D 2 - 1 T
中日,2025-08-17,細川 成也,5.0,D 5 - 5 T
中日,2025-08-18,細川 成也,8.0,D 8 - 4 T
中日,2025-08-20,細川 成也,2.0,DB 4 - 2 D
中日,2025-08-21,細川 成也,1.0,DB 7 - 1 D
中日,2025-08-22,細川 成也,9.0,DB 8 - 9 D
中日,2025-08-23,細川 成也,8.0,G 2 - 8 D
中日,2025-08-24,細川 成也,2.0,G 6 - 2 D
中日,2025-08-25,細川 成也,0.0,G 2 - 0 D
中日,2025-08-29,細川 成也,5.0,D 5 - 1 C
中日,2025-09-03,細川 成也,1.0,T 4 - 1 D
中日,2025-09-04,細川 成也,4.0,T 9 - 4 D
中日,2025-09-05,細川 成也,1.0,T 2 - 1 D
中日,2025-09-06,細川 成也,3.0,C 0 - 3 D
中日,2025-09-07,細川 成也,1.0,C 2 - 1 D
中日,2025-09-08,細川 成也,4.0,C 3 - 4 D
中日,2025-09-10,細川 成也,3.0,D 3 - 1 S
中日,2025-09-11,細川 成也,1.0,D 1 - 8 S
中日,2025-09-12,細川 成也,4.0,D 4 - 9 S
中日,2025-09-13,細川 成也,2.0,DB 5 - 2 D
中日,2025-09-14,細川 成也,4.0,DB 2 - 4 D
巨人,2025-03-29,岡本 和真,4.0,G 4 - 0 T
巨人,2025-03-29,岡本 和真,0.0,G 0 - 9 S
巨人,2025-03-30,岡本 和真,5.0,G 5 - 0 T
巨人,2025-03-30,岡本 和真,3.0,G 3 - 4 S
巨人,2025-03-31,岡本 和真,0.0,G 0 - 5 T
巨人,2025-04-02,岡本 和真,3.0,D 4 - 3 G
巨人,2025-04-03,岡本 和真,2.0,D 5 - 2 G
巨人,2025-04-04,岡本 和真,2.0,D 0 - 2 G
巨人,2025-04-05,岡本 和真,1.0,G 1 - 2 DB
巨人,2025-04-06,岡本 和真,4.0,G 4 - 6 DB
巨人,2025-04-07,岡本 和真,3.0,G 3 - 0 DB
巨人,2025-04-09,岡本 和真,3.0,S 1 - 3 G
巨人,2025-04-11,岡本 和真,5.0,S 0 - 5 G
巨人,2025-04-12,岡本 和真,9.0,G 9 - 4 C
巨人,2025-04-13,岡本 和真,3.0,G 3 - 2 C
巨人,2025-04-14,岡本 和真,2.0,G 2 - 1 C
巨人,2025-04-16,岡本 和真,1.0,T 1 - 1 G
巨人,2025-04-17,岡本 和真,0.0,T 2 - 0 G
巨人,2025-04-18,岡本 和真,1.0,T 2 - 1 G
巨人,2025-04-19,岡本 和真,0.0,C 0 - 0 G
巨人,2025-04-20,岡本 和真,2.0,C 6 - 2 G
巨人,2025-04-21,岡本 和真,0.0,C 0 - 0 G
巨人,2025-04-23,岡本 和真,2.0,G 2 - 0 D
巨人,2025-04-24,岡本 和真,2.0,G 2 - 3 D
巨人,2025-04-25,岡本 和真,3.0,G 3 - 2 D
巨人,2025-04-26,岡本 和真,2.0,DB 7 - 2 G
巨人,2025-04-27,岡本 和真,2.0,DB 1 - 2 G
巨人,2025-04-28,岡本 和真,,
巨人,2025-04-29,岡本 和真,,
巨人,2025-04-30,岡本 和真,,
巨人,2025-05-01,岡本 和真,0.0,G 0 - 4 S
巨人,2025-05-03,岡本 和真,8.0,G 8 - 5 T
巨人,2025-05-04,岡本 和真,2.0,G 2 - 1 T
巨人,2025-05-05,岡本 和真,2.0,G 2 - 4 T
巨人,2025-05-06,岡本 和真,0.0,D 2 - 0 G
巨人,2025-05-07,岡本 和真,2.0,D 0 - 2 G
巨人,2025-05-08,岡本 和真,4.0,D 1 - 4 G
巨人,2025-05-10,岡本 和真,2.0,S 1 - 2 G
巨人,2025-05-11,岡本 和真,4.0,S 3 - 4 G
巨人,2025-05-12,岡本 和真,1.0,S 3 - 1 G
巨人,2025-05-14,岡本 和真,2.0,G 2 - 1 DB
巨人,2025-05-15,岡本 和真,4.0,G 4 - 0 DB
巨人,2025-05-17,岡本 和真,0.0,C 2 - 0 G
巨人,2025-05-18,岡本 和真,3.0,C 4 - 3 G
巨人,2025-05-19,岡本 和真,3.0,C 9 - 3 G
巨人,2025-05-21,岡本 和真,1.0,G 1 - 1 D
巨人,2025-05-22,岡本 和真,2.0,G 2 - 4 D
巨人,2025-05-24,岡本 和真,1.0,T 0 - 1 G
巨人,2025-05-25,岡本 和真,0.0,T 3 - 0 G
巨人,2025-05-26,岡本 和真,2.0,T 1 - 2 G
巨人,2025-05-28,岡本 和真,0.0,G 0 - 2 H
巨人,2025-05-29,岡本 和真,1.0,G 1 - 0 H
巨人,2025-05-30,岡本 和真,6.0,G 6 - 5 H
巨人,2025-05-31,岡本 和真,4.0,L 1 - 4 G
巨人,2025-06-01,岡本 和真,3.0,L 4 - 3 G
巨人,2025-06-02,岡本 和真,7.0,L 1 - 7 G
巨人,2025-06-04,岡本 和真,18.0,G 18 - 2 M
巨人,2025-06-05,岡本 和真,3.0,G 3 - 4 M
巨人,2025-06-06,岡本 和真,7.0,G 7 - 4 M
巨人,2025-06-07,岡本 和真,0.0,G 0 - 2 B
巨人,2025-06-08,岡本 和真,0.0,G 0 - 5 B
巨人,2025-06-09,岡本 和真,1.0,G 1 - 4 B
巨人,2025-06-11,岡本 和真,6.0,E 7 - 6 G
巨人,2025-06-12,岡本 和真,4.0,E 5 - 4 G
巨人,2025-06-13,岡本 和真,0.0,E 3 - 0 G
巨人,2025-06-14,岡本 和真,7.0,F 2 - 7 G
巨人,2025-06-15,岡本 和真,2.0,F 0 - 2 G
巨人,2025-06-16,岡本 和真,3.0,F 3 - 3 G
巨人,2025-06-21,岡本 和真,2.0,G 2 - 4 S
巨人,2025-06-22,岡本 和真,0.0,G 0 - 3 S
巨人,2025-06-23,岡本 和真,4.0,G 4 - 3 S
巨人,2025-06-25,岡本 和真,3.0,DB 2 - 3 G
巨人,2025-06-27,岡本 和真,4.0,DB 5 - 4 G
巨人,2025-06-28,岡本 和真,3.0,G 3 - 2 C
巨人,2025-06-29,岡本 和真,1.0,G 1 - 2 C
巨人,2025-06-30,岡本 和真,3.0,G 3 - 2 C
巨人,2025-07-02,岡本 和真,1.0,G 1 - 2 D
巨人,2025-07-03,岡本 和真,6.0,G 6 - 1 D
巨人,2025-07-05,岡本 和真,10.0,S 3 - 10 G
巨人,2025-07-06,岡本 和真,4.0,S 1 - 4 G
巨人,2025-07-07,岡本 和真,7.0,S 3 - 7 G
巨人,2025-07-09,岡本 和真,5.0,C 3 - 5 G
巨人,2025-07-12,岡本 和真,3.0,G 3 - 2 DB
巨人,2025-07-13,岡本 和真,6.0,G 6 - 1 DB
巨人,2025-07-14,岡本 和真,0.0,G 0 - 6 DB
巨人,2025-07-15,岡本 和真,0.0,G 0 - 2 T
巨人,2025-07-16,岡本 和真,2.0,G 2 - 1 T
巨人,2025-07-17,岡本 和真,4.0,G 4 - 3 T
巨人,2025-07-19,岡本 和真,0.0,D 1 - 0 G
巨人,2025-07-20,岡本 和真,4.0,D 3 - 4 G
巨人,2025-07-21,岡本 和真,4.0,D 1 - 4 G
巨人,2025-07-26,岡本 和真,5.0,DB 2 - 5 G
巨人,2025-07-27,岡本 和真,2.0,DB 1 - 2 G
巨人,2025-07-28,岡本 和真,6.0,DB 0 - 6 G
巨人,2025-07-30,岡本 和真,1.0,T 5 - 1 G
巨人,2025-07-31,岡本 和真,6.0,T 9 - 6 G
巨人,2025-08-01,岡本 和真,2.0,T 9 - 2 G
巨人,2025-08-02,岡本 和真,2.0,G 2 - 4 S
巨人,2025-08-03,岡本 和真,8.0,G 8 - 4 S
巨人,2025-08-04,岡本 和真,4.0,G 4 - 1 S
巨人,2025-08-06,岡本 和真,0.0,G 0 - 5 C
巨人,2025-08-07,岡本 和真,3.0,G 3 - 3 C
巨人,2025-08-08,岡本 和真,5.0,G 5 - 0 C
巨人,2025-08-09,岡本 和真,2.0,D 9 - 2 G
巨人,2025-08-10,岡本 和真,2.0,D 0 - 2 G
巨人,2025-08-11,岡本 和真,3.0,D 1 - 3 G
巨人,2025-08-12,岡本 和真,1.0,G 1 - 0 T
巨人,2025-08-13,岡本 和真,5.0,G 5 - 8 T
巨人,2025-08-14,岡本 和真,4.0,G 4 - 0 T
巨人,2025-08-17,岡本 和真,11.0,DB 1 - 11 G
巨人,2025-08-18,岡本 和真,1.0,DB 2 - 1 G
巨人,2025-08-20,岡本 和真,3.0,G 3 - 8 C
巨人,2025-08-21,岡本 和真,4.0,G 4 - 1 C
巨人,2025-08-22,岡本 和真,1.0,G 1 - 2 C
巨人,2025-08-23,岡本 和真,2.0,G 2 - 8 D
巨人,2025-08-24,岡本 和真,6.0,G 6 - 2 D
巨人,2025-08-25,岡本 和真,2.0,G 2 - 0 D
巨人,2025-08-27,岡本 和真,5.0,S 2 - 5 G
巨人,2025-08-28,岡本 和真,3.0,S 2 - 3 G
巨人,2025-08-31,岡本 和真,2.0,T 4 - 2 G
巨人,2025-09-01,岡本 和真,3.0,T 1 - 3 G
巨人,2025-09-03,岡本 和真,3.0,G 3 - 4 S
巨人,2025-09-04,岡本 和真,0.0,G 0 - 3 S
巨人,2025-09-05,岡本 和真,3.0,G 3 - 0 S
巨人,2025-09-07,岡本 和真,3.0,G 3 - 2 DB
巨人,2025-09-08,岡本 和真,0.0,G 0 - 8 DB
巨人,2025-09-10,岡本 和真,6.0,C 1 - 6 G
巨人,2025-09-11,岡本 和真,9.0,C 2 - 9 G
巨人,2025-09-12,岡本 和真,5.0,C 0 - 5 G
巨人,2025-09-13,岡本 和真,2.0,S 7 - 2 G
巨人,2025-09-14,岡本 和真,1.0,G 1 - 4 S
巨人,2025-09-15,岡本 和真,6.0,G 6 - 3 D
巨人,2025-09-16,岡本 和真,7.0,G 7 - 1 D
巨人,2025-09-18,岡本 和真,2.0,G 2 - 2 DB
巨人,2025-09-19,岡本 和真,6.0,G 6 - 0 DB
巨人,2025-09-20,岡本 和真,8.0,C 2 - 8 G
巨人,2025-09-21,岡本 和真,4.0,C 5 - 4 G
巨人,2025-09-22,岡本 和真,0.0,T 1 - 0 G
巨人,2025-09-23,岡本 和真,1.0,T 0 - 1 G
巨人,2025-09-25,岡本 和真,0.0,DB 1 - 0 G
巨人,2025-09-26,岡本 和真,12.0,DB 4 - 12 G
巨人,2025-09-27,岡本 和真,3.0,G 3 - 1 D
巨人,2025-09-28,岡本 和真,8.0,C 1 - 8 G
巨人,2025-09-29,岡本 和真,4.0,S 5 - 4 G
巨人,2025-10-02,岡本 和真,4.0,G 4 - 2 DB
広島,2025-05-18,末包 昇大,4.0,C 4 - 3 G
広島,2025-06-04,末包 昇大,0.0,C 0 - 5 F
広島,2025-06-05,末包 昇大,6.0,C 6 - 0 F
広島,2025-06-06,末包 昇大,3.0,C 3 - 1 F
広島,2025-06-07,末包 昇大,4.0,C 4 - 0 M
広島,2025-06-09,末包 昇大,4.0,C 4 - 1 M
広島,2025-06-13,末包 昇大,5.0,L 0 - 5 C
広島,2025-06-14,末包 昇大,1.0,E 0 - 1 C
広島,2025-06-15,末包 昇大,4.0,E 3 - 4 C
広島,2025-06-16,末包 昇大,3.0,E 5 - 3 C
広島,2025-08-09,末包 昇大,6.0,T 3 - 6 C
広島,2025-08-10,末包 昇大,5.0,T 1 - 5 C
広島,2025-08-11,末包 昇大,0.0,T 4 - 0 C
広島,2025-08-17,末包 昇大,3.0,S 6 - 3 C
広島,2025-08-18,末包 昇大,8.0,S 2 - 8 C
広島,2025-08-20,末包 昇大,8.0,G 3 - 8 C
広島,2025-08-21,末包 昇大,1.0,G 4 - 1 C
広島,2025-08-22,末包 昇大,2.0,G 1 - 2 C
広島,2025-08-23,末包 昇大,1.0,C 1 - 3 T
広島,2025-08-24,末包 昇大,2.0,C 2 - 1 T
広島,2025-08-25,末包 昇大,5.0,C 5 - 7 T
広島,2025-08-27,末包 昇大,1.0,D 2 - 1 C
広島,2025-08-28,末包 昇大,2.0,D 1 - 2 C
広島,2025-08-29,末包 昇大,1.0,D 5 - 1 C
広島,2025-08-31,末包 昇大,7.0,C 7 - 0 S
広島,2025-09-01,末包 昇大,5.0,C 5 - 1 S
広島,2025-09-03,末包 昇大,1.0,DB 5 - 1 C
広島,2025-09-04,末包 昇大,1.0,DB 6 - 1 C
広島,2025-09-05,末包 昇大,3.0,DB 4 - 3 C
日本ハム,2025-05-08,野村 佑希,1.0,H 3 - 1 F
日本ハム,2025-08-08,野村 佑希,5.0,E 4 - 5 F
阪神,2025-04-14,佐藤 輝明,2.0,D 1 - 2 T
阪神,2025-06-15,佐藤 輝明,2.0,H 6 - 2 T
阪神,2025-06-16,佐藤 輝明,4.0,H 1 - 4 T
阪神,2025-06-18,佐藤 輝明,2.0,T 2 - 1 F
阪神,2025-07-13,佐藤 輝明,8.0,D 10 - 8 T
阪神,2025-07-14,佐藤 輝明,6.0,D 2 - 6 T
阪神,2025-07-15,佐藤 輝明,2.0,G 0 - 2 T
阪神,2025-07-16,佐藤 輝明,1.0,G 2 - 1 T
阪神,2025-07-17,佐藤 輝明,3.0,G 4 - 3 T
阪神,2025-07-19,佐藤 輝明,0.0,T 0 - 1 C
阪神,2025-07-20,佐藤 輝明,0.0,T 0 - 1 C
阪神,2025-07-21,佐藤 輝明,12.0,T 12 - 3 C
阪神,2025-07-26,佐藤 輝明,5.0,T 5 - 1 D
阪神,2025-07-27,佐藤 輝明,7.0,T 7 - 3 D
阪神,2025-07-28,佐藤 輝明,4.0,T 4 - 3 D
阪神,2025-07-30,佐藤 輝明,5.0,T 5 - 1 G
阪神,2025-07-31,佐藤 輝明,9.0,T 9 - 6 G
阪神,2025-08-01,佐藤 輝明,9.0,T 9 - 2 G
阪神,2025-08-02,佐藤 輝明,4.0,DB 2 - 4 T
阪神,2025-08-03,佐藤 輝明,4.0,DB 10 - 4 T
阪神,2025-08-04,佐藤 輝明,4.0,DB 0 - 4 T
阪神,2025-08-06,佐藤 輝明,4.0,S 5 - 4 T
阪神,2025-08-07,佐藤 輝明,0.0,S 4 - 0 T
阪神,2025-08-08,佐藤 輝明,6.0,S 3 - 6 T
阪神,2025-08-09,佐藤 輝明,3.0,T 3 - 6 C
阪神,2025-08-10,佐藤 輝明,1.0,T 1 - 5 C
阪神,2025-08-11,佐藤 輝明,4.0,T 4 - 0 C
阪神,2025-08-12,佐藤 輝明,0.0,G 1 - 0 T
阪神,2025-08-14,佐藤 輝明,0.0,G 4 - 0 T
阪神,2025-08-16,佐藤 輝明,1.0,D 2 - 1 T
阪神,2025-08-17,佐藤 輝明,5.0,D 5 - 5 T
阪神,2025-08-18,佐藤 輝明,4.0,D 8 - 4 T
阪神,2025-08-20,佐藤 輝明,8.0,T 8 - 3 S
阪神,2025-08-21,佐藤 輝明,10.0,T 10 - 4 S
阪神,2025-08-22,佐藤 輝明,2.0,T 2 - 5 S
阪神,2025-08-23,佐藤 輝明,3.0,C 1 - 3 T
阪神,2025-08-24,佐藤 輝明,1.0,C 2 - 1 T
阪神,2025-08-25,佐藤 輝明,7.0,C 5 - 7 T
阪神,2025-08-27,佐藤 輝明,4.0,DB 10 - 4 T
